CREATE DATABASE  IF NOT EXISTS `backoffice` /*!40100 DEFAULT CHARACTER SET utf8mb4 COLLATE utf8mb4_0900_ai_ci */ /*!80016 DEFAULT ENCRYPTION='N' */;
USE `backoffice`;
-- MySQL dump 10.13  Distrib 8.0.19, for Win64 (x86_64)
--
-- Host: 202.76.236.61    Database: backoffice
-- ------------------------------------------------------
-- Server version	8.0.20

/*!40101 SET @OLD_CHARACTER_SET_CLIENT=@@CHARACTER_SET_CLIENT */;
/*!40101 SET @OLD_CHARACTER_SET_RESULTS=@@CHARACTER_SET_RESULTS */;
/*!40101 SET @OLD_COLLATION_CONNECTION=@@COLLATION_CONNECTION */;
/*!50503 SET NAMES utf8 */;
/*!40103 SET @OLD_TIME_ZONE=@@TIME_ZONE */;
/*!40103 SET TIME_ZONE='+00:00' */;
/*!40014 SET @OLD_UNIQUE_CHECKS=@@UNIQUE_CHECKS, UNIQUE_CHECKS=0 */;
/*!40014 SET @OLD_FOREIGN_KEY_CHECKS=@@FOREIGN_KEY_CHECKS, FOREIGN_KEY_CHECKS=0 */;
/*!40101 SET @OLD_SQL_MODE=@@SQL_MODE, SQL_MODE='NO_AUTO_VALUE_ON_ZERO' */;
/*!40111 SET @OLD_SQL_NOTES=@@SQL_NOTES, SQL_NOTES=0 */;

--
-- Table structure for table `employee`
--

DROP TABLE IF EXISTS `employee`;
/*!40101 SET @saved_cs_client     = @@character_set_client */;
/*!50503 SET character_set_client = utf8mb4 */;
CREATE TABLE `employee` (
  `id` int NOT NULL AUTO_INCREMENT,
  `emp_name` varchar(80) NOT NULL,
  `salary` varchar(20) NOT NULL,
  `gender` varchar(10) NOT NULL,
  `city` varchar(80) NOT NULL,
  `email` varchar(80) NOT NULL,
  PRIMARY KEY (`id`)
) ENGINE=InnoDB AUTO_INCREMENT=34 DEFAULT CHARSET=utf8;
/*!40101 SET character_set_client = @saved_cs_client */;

--
-- Dumping data for table `employee`
--

LOCK TABLES `employee` WRITE;
/*!40000 ALTER TABLE `employee` DISABLE KEYS */;
INSERT INTO `employee` VALUES (1,'Yogesh','30000','male','Bhopal','yogesh@makitweb.com'),(2,'Vishal','28000','male','Pune','vishal@gmail.com'),(3,'Vijay','35000','male','Jaipur','vijayec@yahoo.com'),(4,'Rahul','25000','male','Kanpur','rahul512@gmail.com'),(5,'Sonarika','50000','female','Mumbai','bsonarika@gmail.com'),(6,'Jitentendre','48000','male','Bhopal','jiten94@yahoo.com'),(7,'Aditya','36000','male','Pune','aditya@gmail.com'),(8,'Anil','32000','male','Indore','anilsingh@gmail.com'),(9,'Sunil','48000','male','Nagpur','sunil1993@gmail.com'),(10,'Akilesh','52000','male','Surat','akileshsahu@yahoo.com'),(11,'Raj','48000','male','Ahmedabad','rajsingh@gmail.com'),(12,'Mayank','54000','male','Ghaziabad','mpatidar@gmail.com'),(13,'Shalu','43000','female','Bhopal','gshalu521@gmail.com'),(14,'Ravi','32000','male','Ludhiana','ravisharma21@yahoo.com'),(15,'Shruti','45000','female','Delhi','shruti@gmail.com'),(16,'Rishi','38000','male','Mumbai','rishi121@gmail.com'),(17,'Rohan','47000','male','Jaipur','rohansingh@gmail.com'),(18,'Priya','28000','female','Indore','priya1992@gmail.com'),(19,'Rakesh','34000','male','bhopal','rakesh@yahoo.com'),(20,'Vinay','34000','male','Delhi','vinaysingh@gmail.com'),(21,'Tanu','41000','female','pune','Tanu@gmail.com'),(22,'Ajay','28000','male','bhopal','ajay93@gmail.com'),(23,'Nikhil','46000','male','pune','nikhil@gmail.com'),(24,'Arav','28000','male','Nagpur','aravsingh@yahoo.com'),(25,'Madhu','32000','female','Rajkot','madhu@gmail.com'),(26,'Sagar','44000','male','Rajkot','sagar@gmail.com'),(27,'Anju ','30000','female','Ranchi','anju@gmail.com'),(28,'Rajat','28000','male','kota','rajat@gmail.com'),(29,'Anjali','32000','female','Gwalior','anjali@gmail.com'),(30,'Saloni','32000','female','Nashik','saloni@gmail.com'),(31,'Mayur','28000','male','Bhopal','mayur@gmail.com'),(32,'Pankaj','32000','male','Indore','pankaj@gmail.com'),(33,'Hrithik','33000','male','Pune','hrithik@gmail.com');
/*!40000 ALTER TABLE `employee` ENABLE KEYS */;
UNLOCK TABLES;

--
-- Table structure for table `merchants`
--

DROP TABLE IF EXISTS `merchants`;
/*!40101 SET @saved_cs_client     = @@character_set_client */;
/*!50503 SET character_set_client = utf8mb4 */;
CREATE TABLE `merchants` (
  `id` int NOT NULL AUTO_INCREMENT,
  `name` varchar(50) DEFAULT NULL,
  `appid` varchar(50) DEFAULT NULL,
  `created_date` datetime DEFAULT NULL,
  `created_by` int DEFAULT NULL,
  `email` varchar(50) DEFAULT NULL,
  `charges_fee` float DEFAULT NULL,
  `merchantkey` varchar(405) DEFAULT NULL,
  `balancenow` varchar(45) DEFAULT NULL,
  `settlement_fee` varchar(45) DEFAULT NULL,
  `balancelastupdated` varchar(45) DEFAULT NULL,
  `statusdisable` varchar(45) DEFAULT NULL,
  PRIMARY KEY (`id`)
) ENGINE=InnoDB AUTO_INCREMENT=1000007 DEFAULT CHARSET=utf8mb4 COLLATE=utf8mb4_0900_ai_ci;
/*!40101 SET character_set_client = @saved_cs_client */;

--
-- Dumping data for table `merchants`
--

LOCK TABLES `merchants` WRITE;
/*!40000 ALTER TABLE `merchants` DISABLE KEYS */;
INSERT INTO `merchants` VALUES (1000001,'mch1','samo','2020-05-29 08:55:20',NULL,'merchant1@example.com',1.6,'63e3d50c5ab9463f8a870bc3a2b497f6','-6194.6','5','2020-09-22 12:39:39',NULL),(1000002,'mch2','bkintl3','2020-05-31 11:24:20',NULL,'merchant2@example.com',1,'63e3d50c5ab9463f8a870bc3a2b497f6','0','5',NULL,NULL),(1000003,'mch3','js','2020-05-31 11:24:54',NULL,'merchant3@example.com',1.2,'63e3d50c5ab9463f8a870bc3a2b497f6','0','5',NULL,NULL),(1000005,'mch4','jsabc','2020-06-02 11:17:25',NULL,'merchant4@example.com',1.4,'63e3d50c5ab9463f8a870bc3a2b497f6','0','5',NULL,NULL),(1000006,'mch5','jsacb2','2020-06-03 11:06:36',NULL,'merchant5@example.com',1.5,'63e3d50c5ab9463f8a870bc3a2b497f6','0','5',NULL,NULL);
/*!40000 ALTER TABLE `merchants` ENABLE KEYS */;
UNLOCK TABLES;

--
-- Table structure for table `orders`
--

DROP TABLE IF EXISTS `orders`;
/*!40101 SET @saved_cs_client     = @@character_set_client */;
/*!50503 SET character_set_client = utf8mb4 */;
CREATE TABLE `orders` (
  `orderid` int NOT NULL AUTO_INCREMENT,
  `merchantorderid` varchar(500) DEFAULT NULL,
  `merchantid` varchar(100) DEFAULT NULL,
  `orderstatus` varchar(100) DEFAULT NULL,
  `orderamount` varchar(100) DEFAULT NULL,
  `originalorderamount` varchar(100) DEFAULT NULL,
  `firstname` varchar(100) DEFAULT NULL,
  `lastname` varchar(100) DEFAULT NULL,
  `bankaccount` varchar(100) DEFAULT NULL,
  `createddatetime` datetime DEFAULT NULL,
  `createdby` varchar(100) DEFAULT NULL,
  `updateddatetime` varchar(100) DEFAULT NULL,
  `updatedby` varchar(100) DEFAULT NULL,
  `userip` varchar(100) DEFAULT NULL,
  `cardno` varchar(100) DEFAULT NULL,
  `cardbankname` varchar(100) DEFAULT NULL,
  `cardname` varchar(100) DEFAULT NULL,
  `randomnumber` varchar(45) DEFAULT NULL,
  `ordernumber` varchar(100) DEFAULT NULL,
  `cardid` varchar(45) DEFAULT NULL,
  `sequence` varchar(45) DEFAULT NULL,
  `notifyurl` varchar(4005) DEFAULT NULL,
  PRIMARY KEY (`orderid`)
) ENGINE=InnoDB AUTO_INCREMENT=51 DEFAULT CHARSET=utf8;
/*!40101 SET character_set_client = @saved_cs_client */;

--
-- Dumping data for table `orders`
--

LOCK TABLES `orders` WRITE;
/*!40000 ALTER TABLE `orders` DISABLE KEYS */;
INSERT INTO `orders` VALUES (1,'20200918001130','samo','false','100','100',NULL,NULL,'李良良工商','2020-09-18 08:11:29','transaction',NULL,NULL,'202.184.73.208','622662330101174278','中国工商银行','李良良2',NULL,NULL,NULL,NULL,NULL),(2,'20200918001133','samo','false','100','100',NULL,NULL,'李良良工商','2020-09-18 08:11:31','transaction',NULL,NULL,'202.184.73.208','622662330101174278','中国工商银行','李良良2',NULL,NULL,NULL,NULL,NULL),(3,'20200918001517','samo','false','100.00','100.00',NULL,NULL,'李良良工商','2020-09-18 08:15:15','transaction',NULL,NULL,'202.184.73.208','622662330101174278','中国工商银行','李良良2',NULL,NULL,NULL,NULL,NULL),(4,'20200918001520','samo','false','99.98','100.00',NULL,NULL,'李良良工商','2020-09-18 08:15:18','transaction',NULL,NULL,'202.184.73.208','622662330101174278','中国工商银行','李良良2',NULL,NULL,NULL,NULL,NULL),(5,'20200918001521','samo','false','99.98','100.00',NULL,NULL,'李良良工商','2020-09-18 08:15:19','transaction',NULL,NULL,'202.184.73.208','622662330101174278','中国工商银行','李良良2',NULL,NULL,NULL,NULL,NULL),(6,'20200918001550','samo','false','99.96','100.00',NULL,NULL,'李良良工商','2020-09-18 08:15:48','transaction',NULL,NULL,'202.184.73.208','622662330101174278','中国工商银行','李良良2',NULL,NULL,NULL,NULL,NULL),(7,'20200918001552','samo','false','99.96','100.00',NULL,NULL,'李良良工商','2020-09-18 08:15:50','transaction',NULL,NULL,'202.184.73.208','622662330101174278','中国工商银行','李良良2',NULL,NULL,NULL,NULL,NULL),(8,'20200918001554','samo','false','99.96','100.00',NULL,NULL,'李良良工商','2020-09-18 08:15:51','transaction',NULL,NULL,'202.184.73.208','622662330101174278','中国工商银行','李良良2',NULL,NULL,NULL,NULL,NULL),(9,'20200918002111','samo','false','99.94','100.00',NULL,NULL,'李良良工商','2020-09-18 08:21:10','transaction',NULL,NULL,'202.184.73.208','622662330101174278','中国工商银行','李良良2',NULL,NULL,NULL,NULL,NULL),(10,'20200918002114','samo','false','99.92','100.00',NULL,NULL,'李良良工商','2020-09-18 08:21:12','transaction',NULL,NULL,'202.184.73.208','622662330101174278','中国工商银行','李良良2',NULL,NULL,NULL,NULL,NULL),(11,'20200918011203','samo','false','100.00','100.00',NULL,NULL,'李良良工商','2020-09-18 09:12:01','transaction',NULL,NULL,'202.184.73.208','622662330101174278','中国工商银行','李良良2',NULL,NULL,'2','4',NULL),(12,'20200918011207','samo','false','99.98','100.00',NULL,NULL,'张婧交通','2020-09-18 09:12:05','transaction',NULL,NULL,'202.184.73.208','6226623301011742','交通银行','张婧1',NULL,NULL,'1','15',NULL),(13,'20200918011209','samo','false','99.96','100.00',NULL,NULL,'AB','2020-09-18 09:12:07','transaction',NULL,NULL,'202.184.73.208','123412341234','Apna Bank','冯想勤5',NULL,NULL,'5','18',NULL),(14,'20200918011211','samo','false','99.94','100.00',NULL,NULL,'郭素坚工商','2020-09-18 09:12:09','transaction',NULL,NULL,'202.184.73.208','6228480928741026077','中国工商银行','郭素坚3',NULL,NULL,'3','19',NULL),(15,'20200918011213','samo','false','99.92','100.00',NULL,NULL,'cv','2020-09-18 09:12:11','transaction',NULL,NULL,'202.184.73.208','1254545545','中国工商银行	1','冯想勤6',NULL,NULL,'6','20',NULL),(16,'20200918011249','samo','false','100.00','100.00',NULL,NULL,'测试短名','2020-09-18 09:12:47','transaction',NULL,NULL,'202.184.73.208','89789798','测试名','测试7',NULL,NULL,'7','21',NULL),(17,'20200918011251','samo','false','100.00','100.00',NULL,NULL,'冯想勤工商','2020-09-18 09:12:49','transaction',NULL,NULL,'202.184.73.208','62284809287410260890','中国工商银行','冯想勤4',NULL,NULL,'4','22',NULL),(18,'20200918011254','samo','false','99.98','100.00',NULL,NULL,'李良良工商','2020-09-18 09:12:52','transaction',NULL,NULL,'202.184.73.208','622662330101174278','中国工商银行','李良良2',NULL,NULL,'2','4',NULL),(19,'20200918011256','samo','false','99.96','100.00',NULL,NULL,'张婧交通','2020-09-18 09:12:53','transaction',NULL,NULL,'202.184.73.208','6226623301011742','交通银行','张婧1',NULL,NULL,'1','15',NULL),(20,'20200918011258','samo','false','99.94','100.00',NULL,NULL,'AB','2020-09-18 09:12:56','transaction',NULL,NULL,'202.184.73.208','123412341234','Apna Bank','冯想勤5',NULL,NULL,'5','18',NULL),(21,'20200918011302','samo','false','99.92','100.00',NULL,NULL,'郭素坚工商','2020-09-18 09:12:59','transaction',NULL,NULL,'202.184.73.208','6228480928741026077','中国工商银行','郭素坚3',NULL,NULL,'3','19',NULL),(22,'20200918013240','samo','false','100.00','100.00',NULL,NULL,'cv','2020-09-18 09:32:38','transaction',NULL,NULL,'202.184.73.208','1254545545','中国工商银行	1','冯想勤6',NULL,NULL,'6','20',NULL),(23,'20200918013443','samo','false','100.00','100.00',NULL,NULL,'测试短名','2020-09-18 09:34:41','transaction',NULL,NULL,'202.184.73.208','89789798','测试名','测试7',NULL,NULL,'7','21',NULL),(24,'20200918013537','samo','false','100.00','100.00',NULL,NULL,'冯想勤工商','2020-09-18 09:35:36','transaction',NULL,NULL,'202.184.73.208','62284809287410260890','中国工商银行','冯想勤4',NULL,NULL,'4','22',NULL),(25,'20200918013742','samo','false','100.00','100.00',NULL,NULL,'李良良工商','2020-09-18 09:37:40','transaction',NULL,NULL,'202.184.73.208','622662330101174278','中国工商银行','李良良2',NULL,NULL,'2','4',NULL),(26,'20200918013753','samo','false','100.00','100.00',NULL,NULL,'张婧交通','2020-09-18 09:37:51','transaction',NULL,NULL,'202.184.73.208','6226623301011742','交通银行','张婧1',NULL,NULL,'1','15',NULL),(27,'20200918013756','samo','false','100.00','100.00',NULL,NULL,'AB','2020-09-18 09:37:54','transaction',NULL,NULL,'202.184.73.208','123412341234','Apna Bank','冯想勤5',NULL,NULL,'5','18',NULL),(28,'20200918013758','samo','false','100.00','100.00',NULL,NULL,'郭素坚工商','2020-09-18 09:37:56','transaction',NULL,NULL,'202.184.73.208','6228480928741026077','中国工商银行','郭素坚3',NULL,NULL,'3','19',NULL),(29,'20200918013801','samo','false','99.98','100.00',NULL,NULL,'cv','2020-09-18 09:37:59','transaction',NULL,NULL,'202.184.73.208','1254545545','中国工商银行	1','冯想勤6',NULL,NULL,'6','20',NULL),(30,'20200918013858','samo','false','99.98','100.00',NULL,NULL,'测试短名','2020-09-18 09:38:57','transaction',NULL,NULL,'202.184.73.208','89789798','测试名','测试7',NULL,NULL,'7','21',NULL),(31,'20200918033104','samo','false','100.00','100.00',NULL,NULL,'冯想勤工商','2020-09-18 11:31:03','transaction',NULL,NULL,'202.184.73.208','62284809287410260890','中国工商银行','冯想勤4',NULL,NULL,'4','22',NULL),(32,'20200918035936','samo','true','100.00','100.00',NULL,NULL,'李良良工商','2020-09-18 11:59:34','transaction','2020-09-18 12:21:18',NULL,'202.184.73.208','622662330101174278','中国工商银行','李良良2',NULL,NULL,'2','4','http://203.223.135.107/p/notifyurl.php'),(33,'20200918042355','samo','false','100.00','100.00',NULL,NULL,'张婧交通','2020-09-18 12:23:54','transaction',NULL,NULL,'202.184.73.208','6226623301011742','交通银行','张婧1',NULL,NULL,'1','15','http://203.223.135.107/p/notifyurl.php'),(34,'20200918044016','samo','true','100.00','100.00',NULL,NULL,'AB','2020-09-18 12:40:14','transaction','2020-09-18 12:49:19','notifysms','202.184.73.208','123412341234','Apna Bank','冯想勤5',NULL,NULL,'5','18','http://203.223.135.107/pialipay/notifyurltest.php'),(35,'20200918045823','samo','true','100.00','100.00',NULL,NULL,'郭素坚工商','2020-09-18 12:58:22','transaction','2020-09-18 13:08:17','notifysms','202.184.73.208','6228480928741026077','中国工商银行','郭素坚3',NULL,NULL,'3','19','http://203.223.135.107/pialipay/notifyurltest.php'),(36,'20200918050843','samo','true','100.00','100.00',NULL,NULL,'cv','2020-09-18 13:08:41','transaction',NULL,NULL,'202.184.73.208','1254545545','中国工商银行	1','冯想勤6',NULL,NULL,'6','20','http://203.223.135.107/pialipay/notifyurltest.php'),(37,'20200918050906','samo','true','100.00','100.00',NULL,NULL,'测试短名','2020-09-18 13:09:07','transaction',NULL,NULL,'202.184.73.208','89789798','测试名','测试7',NULL,NULL,'7','21','http://203.223.135.107/pialipay/notifyurltest.php'),(38,'20200918051315','samo','true','100.00','100.00',NULL,NULL,'冯想勤工商','2020-09-18 13:13:14','transaction','2020-09-18 13:16:46','notifysms','202.184.73.208','62284809287410260890','中国工商银行','冯想勤4',NULL,NULL,'4','22','http://203.223.135.107/pialipay/notifyurltest.php'),(39,'20200918060457','samo','true','100.00','100.00',NULL,NULL,'李良良工商','2020-09-18 14:04:57','transaction',NULL,NULL,'202.184.73.208','622662330101174278','中国工商银行','李良良2',NULL,NULL,'2','4','http://203.223.135.107/pialipay/notifyurltest.php'),(40,'20200918062241','samo','true','100.00','100.00',NULL,NULL,'张婧交通','2020-09-18 14:22:40','transaction','2020-09-18 14:28:51','notifysms','202.184.73.208','6226623301011742','交通银行','张婧1',NULL,NULL,'1','15','http://203.223.135.107/pialipay/notifyurltest.php'),(41,'20200924231816','samo','Unpaid','100.00','100.00',NULL,NULL,'AB','2020-09-25 07:18:15','transaction',NULL,NULL,'202.187.179.92','123412341234','Apna Bank','冯想勤5',NULL,NULL,'5','18','http://203.223.135.107/pialipay/notifyurltest.php'),(42,'20200929041437','samo','Unpaid','100.00','100.00',NULL,NULL,'郭素坚工商','2020-09-29 12:14:37','transaction',NULL,NULL,'202.187.179.92','6228480928741026077','中国工商银行','郭素坚3',NULL,NULL,'3','19','http://203.223.135.107/pialipay/notifyurltest.php'),(43,'20200929042119','samo','Unpaid','100.00','100.00',NULL,NULL,'cv','2020-09-29 12:21:20','transaction',NULL,NULL,'202.187.179.92','1254545545','中国工商银行	1','冯想勤6',NULL,NULL,'6','20','http://203.223.135.107/pialipay/notifyurltest.php'),(44,'20200929080941','samo','Unpaid','100.00','100.00',NULL,NULL,'测试短名','2020-09-29 16:09:42','transaction',NULL,NULL,'115.164.207.48','89789798','测试名','测试7',NULL,NULL,'7','21','http://203.223.135.107/pialipay/notifyurltest.php'),(45,'20200929080956','samo','Unpaid','100.00','100.00',NULL,NULL,'冯想勤工商','2020-09-29 16:09:56','transaction',NULL,NULL,'115.164.207.48','62284809287410260890','中国工商银行','冯想勤4',NULL,NULL,'4','23','http://203.223.135.107/pialipay/notifyurltest.php'),(46,'20200929081108','samo','Unpaid','100.00','100.00',NULL,NULL,'李良良工商','2020-09-29 16:11:08','transaction',NULL,NULL,'115.164.207.48','622662330101174278','中国工商银行','李良良2',NULL,NULL,'2','4','http://203.223.135.107/pialipay/notifyurltest.php'),(47,'20200929081701','samo','Unpaid','100.00','100.00',NULL,NULL,'张婧交通','2020-09-29 16:17:02','transaction',NULL,NULL,'202.187.179.92','6226623301011742','交通银行','张婧1',NULL,NULL,'1','15','http://203.223.135.107/pialipay/notifyurltest.php'),(48,'20201002024131','samo','Unpaid','100.00','100.00',NULL,NULL,'AB','2020-10-02 10:41:31','transaction',NULL,NULL,'202.187.179.92','123412341234','Apna Bank','冯想勤5',NULL,NULL,'5','18','http://203.223.135.107/pialipay/notifyurltest.php'),(49,'20201002024214','samo','Unpaid','100.00','100.00',NULL,NULL,'郭素坚工商','2020-10-02 10:42:12','transaction',NULL,NULL,'202.187.179.92','6228480928741026077','中国工商银行','郭素坚3',NULL,NULL,'3','19','http://203.223.135.107/pialipay/notifyurltest.php'),(50,'20201002024217','samo','Unpaid','100.00','100.00',NULL,NULL,'cv','2020-10-02 10:42:15','transaction',NULL,NULL,'202.187.179.92','1254545545','中国工商银行	1','冯想勤6',NULL,NULL,'6','20','http://203.223.135.107/pialipay/notifyurltest.php');
/*!40000 ALTER TABLE `orders` ENABLE KEYS */;
UNLOCK TABLES;

--
-- Table structure for table `payouttransaction`
--

DROP TABLE IF EXISTS `payouttransaction`;
/*!40101 SET @saved_cs_client     = @@character_set_client */;
/*!50503 SET character_set_client = utf8mb4 */;
CREATE TABLE `payouttransaction` (
  `payoutid` int NOT NULL AUTO_INCREMENT,
  `merchantid` varchar(150) DEFAULT NULL,
  `merchantpayoutid` varchar(150) DEFAULT NULL,
  `payoutamount` varchar(45) DEFAULT NULL,
  `payoutstatus` varchar(150) DEFAULT NULL,
  `bankname` varchar(150) DEFAULT NULL,
  `bankbranch` varchar(150) DEFAULT NULL,
  `accountholdername` varchar(150) DEFAULT NULL,
  `accountno` varchar(150) DEFAULT NULL,
  `bankprovince` varchar(150) DEFAULT NULL,
  `bankcode` varchar(150) DEFAULT NULL,
  `createddatetime` varchar(150) DEFAULT NULL,
  `createdby` varchar(150) DEFAULT NULL,
  `updateddatetime` varchar(150) DEFAULT NULL,
  `updatedby` varchar(150) DEFAULT NULL,
  `randomnumber` varchar(45) DEFAULT NULL,
  PRIMARY KEY (`payoutid`)
) ENGINE=InnoDB AUTO_INCREMENT=150 DEFAULT CHARSET=utf8mb4 COLLATE=utf8mb4_0900_ai_ci;
/*!40101 SET character_set_client = @saved_cs_client */;

--
-- Dumping data for table `payouttransaction`
--

LOCK TABLES `payouttransaction` WRITE;
/*!40000 ALTER TABLE `payouttransaction` DISABLE KEYS */;
INSERT INTO `payouttransaction` VALUES (1,'1000001','202005282128005072024','1000.00','Success','工商银行','湖北省','马园丹','6228480086153042000001	 ','湖北省','ICBC','2020-05-29 06:55:20','system','2020-05-29 09:55:20','system',NULL),(2,'1000001','202005282128005072076','500.00','Pending','工商银行','湖北省','马园丹','6228480086153042000001','湖北省','ICBC','2020-05-29 06:45:20','system',NULL,NULL,NULL),(3,'1000001','202005282128005072024','1000.00','Success','工商银行','湖北省','马园丹','6228480086153042000001','湖北省','ICBC','2020-05-29 07:55:20','system','2020-05-29 09:55:20','system',NULL),(4,'1000001','202005282128005072076','500.00','Pending','工商银行','湖北省','马园丹','6228480086153042000001','湖北省','ICBC','2020-05-29 20:55:20','system',NULL,NULL,NULL),(5,'1000001','202005282128005072024','1000.00','Success','工商银行','湖北省','马园丹','6228480086153042000001','湖北省','ICBC','2020-05-29 21:55:20','system','2020-05-29 09:55:20','system',NULL),(6,'1000001','202005282128005072076','500.00','Pending','工商银行','湖北省','马园丹','6228480086153042000001','湖北省','ICBC','2020-05-29 08:55:20','system',NULL,NULL,NULL),(7,'1000001','202005282128005072024','1000.00','Success','工商银行','湖北省','马园丹','6228480086153042000001','湖北省','ICBC','2020-05-29 08:55:20','system','2020-05-29 09:55:20','system',NULL),(8,'1000001','202005282128005072076','500.00','Pending','工商银行','湖北省','马园丹','6228480086153042000001','湖北省','ICBC','2020-05-29 08:55:20','system',NULL,NULL,NULL),(9,'1000001','202005282128005072024','1000.00','Success','工商银行','湖北省','马园丹','6228480086153042000001','湖北省','ICBC','2020-05-29 08:55:20','system','2020-05-29 09:55:20','system',NULL),(10,'1000001','202005282128005072076','500.00','Pending','工商银行','湖北省','马园丹','6228480086153042000001','湖北省','ICBC','2020-05-29 08:55:20','system',NULL,NULL,NULL),(11,'1000001','202005282128005072024','1000.00','Success','工商银行','湖北省','马园丹','6228480086153042000001','湖北省','ICBC','2020-05-29 08:55:20','system','2020-05-29 09:55:20','system',NULL),(12,'1000001','202005282128005072076','500.00','Pending','工商银行','湖北省','马园丹','6228480086153042000001','湖北省','ICBC','2020-05-29 08:55:20','system',NULL,NULL,NULL),(13,'1000002','202005282128005072024','1000.00','Success','工商银行','湖北省','马园丹','6228480086153042000001','湖北省','ICBC','2020-05-29 08:55:20','system','2020-05-29 09:55:20','system',NULL),(14,'1000002','202005282128005072076','500.00','Pending','工商银行','湖北省','马园丹','6228480086153042000001','湖北省','ICBC','2020-05-29 08:55:20','system',NULL,NULL,NULL),(15,'1000002','202005282128005072024','1000.00','Success','工商银行','湖北省','马园丹','6228480086153042000001','湖北省','ICBC','2020-05-29 08:55:20','system','2020-05-29 09:55:20','system',NULL),(16,'1000002','202005282128005072076','500.00','Pending','工商银行','湖北省','马园丹','6228480086153042000001','湖北省','ICBC','2020-05-29 08:55:20','system',NULL,NULL,NULL),(17,'1000002','202005282128005072024','1000.00','Success','工商银行','湖北省','马园丹','6228480086153042000001','湖北省','ICBC','2020-05-29 08:55:20','system','2020-05-29 09:55:20','system',NULL),(18,'1000002','202005282128005072076','500.00','Pending','工商银行','湖北省','马园丹','6228480086153042000001','湖北省','ICBC','2020-05-29 08:55:20','system',NULL,NULL,NULL),(19,'1000002','202005282128005072024','1000.00','Success','工商银行','湖北省','马园丹','6228480086153042000001','湖北省','ICBC','2020-05-29 08:55:20','system','2020-05-29 09:55:20','system',NULL),(20,'1000002','202005282128005072076','500.00','Pending','工商银行','湖北省','马园丹','6228480086153042000001','湖北省','ICBC','2020-05-29 08:55:20','system',NULL,NULL,NULL),(21,'1000002','202005282128005072024','1000.00','Success','工商银行','湖北省','马园丹','6228480086153042000001','湖北省','ICBC','2020-05-29 08:55:20','system','2020-05-29 09:55:20','system',NULL),(22,'1000002','202005282128005072076','500.00','Pending','工商银行','湖北省','马园丹','6228480086153042000001','湖北省','ICBC','2020-05-29 08:55:20','system',NULL,NULL,NULL),(23,'1000002','202005282128005072024','1000.00','Success','工商银行','湖北省','马园丹','6228480086153042000001','湖北省','ICBC','2020-05-29 08:55:20','system','2020-05-29 09:55:20','system',NULL),(24,'1000002','202005282128005072076','500.00','Pending','工商银行','湖北省','马园丹','6228480086153042000001','湖北省','ICBC','2020-05-29 08:55:20','system',NULL,NULL,NULL),(25,'1000002','202005282128005072024','1000.00','Success','工商银行','湖北省','马园丹','6228480086153042000001','湖北省','ICBC','2020-05-29 08:55:20','system','2020-05-29 09:55:20','system',NULL),(26,'1000002','202005282128005072076','500.00','Pending','工商银行','湖北省','马园丹','6228480086153042000001','湖北省','ICBC','2020-05-29 08:55:20','system',NULL,NULL,NULL),(27,'1000002','202005282128005072024','1000.00','Success','工商银行','湖北省','马园丹','6228480086153042000001','湖北省','ICBC','2020-05-29 08:55:20','system','2020-05-29 09:55:20','system',NULL),(28,'1000003','202005282128005072076','500.00','Pending','工商银行','湖北省','马园丹','6228480086153042000001','湖北省','ICBC','2020-05-29 08:55:20','system',NULL,NULL,NULL),(29,'1000003','202005282128005072024','1000.00','Success','工商银行','湖北省','马园丹','6228480086153042000001','湖北省','ICBC','2020-05-29 08:55:20','system','2020-05-29 09:55:20','system',NULL),(30,'1000003','202005282128005072076','500.00','Pending','工商银行','湖北省','马园丹','6228480086153042000001','湖北省','ICBC','2020-05-29 08:55:20','system',NULL,NULL,NULL),(31,'1000003','202005282128005072024','1000.00','Success','工商银行','湖北省','马园丹','6228480086153042000001','湖北省','ICBC','2020-05-29 08:55:20','system','2020-05-29 09:55:20','system',NULL),(32,'1000003','202005282128005072076','500.00','Pending','工商银行','湖北省','马园丹','6228480086153042000001','湖北省','ICBC','2020-05-29 08:55:20','system',NULL,NULL,NULL),(33,'1000003','202005282128005072024','1000.00','Success','工商银行','湖北省','马园丹','6228480086153042000001','湖北省','ICBC','2020-05-29 08:55:20','system','2020-05-29 09:55:20','system',NULL),(34,'1000003','202005282128005072076','500.00','Pending','工商银行','湖北省','马园丹','6228480086153042000001','湖北省','ICBC','2020-05-29 08:55:20','system',NULL,NULL,NULL),(35,'1000003','202005282128005072024','1000.00','Success','工商银行','湖北省','马园丹','6228480086153042000001','湖北省','ICBC','2020-05-29 08:55:20','system','2020-05-29 09:55:20','system',NULL),(36,'1000003','202005282128005072076','500.00','Pending','工商银行','湖北省','马园丹','6228480086153042000001','湖北省','ICBC','2020-05-29 08:55:20','system',NULL,NULL,NULL),(37,'1000003','202005282128005072024','1000.00','Success','工商银行','湖北省','马园丹','6228480086153042000001','湖北省','ICBC','2020-05-29 08:55:20','system','2020-05-29 09:55:20','system',NULL),(38,NULL,'202005282128005072076','500.00','Pending','工商银行','湖北省','马园丹','6228480086153042000001','湖北省','ICBC','2020-05-29 08:55:20','system',NULL,NULL,NULL),(39,NULL,'202005282128005072024','1000.00','Success','工商银行','湖北省','马园丹','6228480086153042000001','湖北省','ICBC','2020-05-29 08:55:20','system','2020-05-29 09:55:20','system',NULL),(40,NULL,'202005282128005072076','500.00','Pending','工商银行','湖北省','马园丹','6228480086153042000001','湖北省','ICBC','2020-05-29 08:55:20','system',NULL,NULL,NULL),(41,NULL,'202005282128005072024','1000.00','Success','工商银行','湖北省','马园丹','6228480086153042000001','湖北省','ICBC','2020-05-29 08:55:20','system','2020-05-29 09:55:20','system',NULL),(42,NULL,'202005282128005072076','500.00','Pending','工商银行','湖北省','马园丹','6228480086153042000001','湖北省','ICBC','2020-05-29 08:55:20','system',NULL,NULL,NULL),(43,NULL,'202005282128005072024','1000.00','Success','工商银行','湖北省','马园丹','6228480086153042000001','湖北省','ICBC','2020-05-29 08:55:20','system','2020-05-29 09:55:20','system',NULL),(44,NULL,'202005282128005072076','500.00','Pending','工商银行','湖北省','马园丹','6228480086153042000001','湖北省','ICBC','2020-05-29 08:55:20','system',NULL,NULL,NULL),(45,NULL,'202005282128005072024','1000.00','Success','工商银行','湖北省','马园丹','6228480086153042000001','湖北省','ICBC','2020-05-29 08:55:20','system','2020-05-29 09:55:20','system',NULL),(46,NULL,'202005282128005072076','500.00','Pending','工商银行','湖北省','马园丹','6228480086153042000001','湖北省','ICBC','2020-05-29 08:55:20','system',NULL,NULL,NULL),(47,NULL,'202005282128005072024','1000.00','Success','工商银行','湖北省','马园丹','6228480086153042000001','湖北省','ICBC','2020-05-29 08:55:20','system','2020-05-29 09:55:20','system',NULL),(48,NULL,'202005282128005072076','500.00','Pending','工商银行','湖北省','马园丹','6228480086153042000001','湖北省','ICBC','2020-05-29 08:55:20','system',NULL,NULL,NULL),(49,NULL,'202005282128005072024','1000.00','Success','工商银行','湖北省','马园丹','6228480086153042000001','湖北省','ICBC','2020-05-29 08:55:20','system','2020-05-29 09:55:20','system',NULL),(50,NULL,'202005282128005072076','500.00','Pending','工商银行','湖北省','马园丹','6228480086153042000001','湖北省','ICBC','2020-05-29 08:55:20','system',NULL,NULL,NULL),(51,NULL,'202005282128005072024','1000.00','Success','工商银行','湖北省','马园丹','6228480086153042000001','湖北省','ICBC','2020-05-29 08:55:20','system','2020-05-29 09:55:20','system',NULL),(52,NULL,'202005282128005072076','500.00','Pending','工商银行','湖北省','马园丹','6228480086153042000001','湖北省','ICBC','2020-05-29 08:55:20','system',NULL,NULL,NULL),(53,NULL,'202005282128005072024','1000.00','Success','工商银行','湖北省','马园丹','6228480086153042000001','湖北省','ICBC','2020-05-29 08:55:20','system','2020-05-29 09:55:20','system',NULL),(54,NULL,'202005282128005072076','500.00','Pending','工商银行','湖北省','马园丹','6228480086153042000001','湖北省','ICBC','2020-05-29 08:55:20','system',NULL,NULL,NULL),(55,NULL,'202005282128005072024','1000.00','Success','工商银行','湖北省','马园丹','6228480086153042000001','湖北省','ICBC','2020-05-29 08:55:20','system','2020-05-29 09:55:20','system',NULL),(56,NULL,'202005282128005072076','500.00','Pending','工商银行','湖北省','马园丹','6228480086153042000001','湖北省','ICBC','2020-05-29 08:55:20','system',NULL,NULL,NULL),(57,NULL,'202005282128005072024','1000.00','Success','工商银行','湖北省','马园丹','6228480086153042000001','湖北省','ICBC','2020-05-29 08:55:20','system','2020-05-29 09:55:20','system',NULL),(58,NULL,'202005282128005072076','500.00','Pending','工商银行','湖北省','马园丹','6228480086153042000001','湖北省','ICBC','2020-05-29 08:55:20','system',NULL,NULL,NULL),(59,NULL,'202005282128005072024','1000.00','Success','工商银行','湖北省','马园丹','6228480086153042000001','湖北省','ICBC','2020-05-29 08:55:20','system','2020-05-29 09:55:20','system',NULL),(60,NULL,'202005282128005072076','500.00','Pending','工商银行','湖北省','马园丹','6228480086153042000001','湖北省','ICBC','2020-05-29 08:55:20','system',NULL,NULL,NULL),(61,NULL,'202005282128005072024','1000.00','Success','工商银行','湖北省','马园丹','6228480086153042000001','湖北省','ICBC','2020-05-29 08:55:20','system','2020-05-29 09:55:20','system',NULL),(62,NULL,'202005282128005072076','500.00','Pending','工商银行','湖北省','马园丹','6228480086153042000001','湖北省','ICBC','2020-05-29 08:55:20','system',NULL,NULL,NULL),(63,NULL,'202005282128005072024','1000.00','Success','工商银行','湖北省','马园丹','6228480086153042000001','湖北省','ICBC','2020-05-29 08:55:20','system','2020-05-29 09:55:20','system',NULL),(64,NULL,'202005282128005072076','500.00','Pending','工商银行','湖北省','马园丹','6228480086153042000001','湖北省','ICBC','2020-05-29 08:55:20','system',NULL,NULL,NULL),(65,NULL,'202005282128005072024','1000.00','Success','工商银行','湖北省','马园丹','6228480086153042000001','湖北省','ICBC','2020-05-29 08:55:20','system','2020-05-29 09:55:20','system',NULL),(66,NULL,'202005282128005072076','500.00','Pending','工商银行','湖北省','马园丹','6228480086153042000001','湖北省','ICBC','2020-05-29 08:55:20','system',NULL,NULL,NULL),(67,NULL,'202005282128005072024','1000.00','Success','工商银行','湖北省','马园丹','6228480086153042000001','湖北省','ICBC','2020-05-29 08:55:20','system','2020-05-29 09:55:20','system',NULL),(68,NULL,'202005282128005072076','500.00','Pending','工商银行','湖北省','马园丹','6228480086153042000001','湖北省','ICBC','2020-05-29 08:55:20','system',NULL,NULL,NULL),(69,NULL,'202005282128005072024','1000.00','Success','工商银行','湖北省','马园丹','6228480086153042000001','湖北省','ICBC','2020-05-29 08:55:20','system','2020-05-29 09:55:20','system',NULL),(70,NULL,'202005282128005072076','500.00','Pending','工商银行','湖北省','马园丹','6228480086153042000001','湖北省','ICBC','2020-05-29 08:55:20','system',NULL,NULL,NULL),(71,NULL,'202005282128005072024','1000.00','Success','工商银行','湖北省','马园丹','6228480086153042000001','湖北省','ICBC','2020-05-29 08:55:20','system','2020-05-29 09:55:20','system',NULL),(72,NULL,'202005282128005072076','500.00','Pending','工商银行','湖北省','马园丹','6228480086153042000001','湖北省','ICBC','2020-05-29 08:55:20','system',NULL,NULL,NULL),(73,NULL,'202005282128005072024','1000.00','Success','工商银行','湖北省','马园丹','6228480086153042000001','湖北省','ICBC','2020-05-29 08:55:20','system','2020-05-29 09:55:20','system',NULL),(74,NULL,'202005282128005072076','500.00','Pending','工商银行','湖北省','马园丹','6228480086153042000001','湖北省','ICBC','2020-05-29 08:55:20','system',NULL,NULL,NULL),(75,NULL,'202005282128005072024','1000.00','Success','工商银行','湖北省','马园丹','6228480086153042000001','湖北省','ICBC','2020-05-29 08:55:20','system','2020-05-29 09:55:20','system',NULL),(76,NULL,'202005282128005072076','500.00','Pending','工商银行','湖北省','马园丹','6228480086153042000001','湖北省','ICBC','2020-05-29 08:55:20','system',NULL,NULL,NULL),(77,NULL,'202005282128005072024','1000.00','Success','工商银行','湖北省','马园丹','6228480086153042000001','湖北省','ICBC','2020-05-29 08:55:20','system','2020-05-29 09:55:20','system',NULL),(78,NULL,'202005282128005072076','500.00','Pending','工商银行','湖北省','马园丹','6228480086153042000001','湖北省','ICBC','2020-05-29 08:55:20','system',NULL,NULL,NULL),(79,NULL,'202005282128005072024','1000.00','Success','工商银行','湖北省','马园丹','6228480086153042000001','湖北省','ICBC','2020-05-29 08:55:20','system','2020-05-29 09:55:20','system',NULL),(80,NULL,'202005282128005072076','500.00','Pending','工商银行','湖北省','马园丹','6228480086153042000001','湖北省','ICBC','2020-05-29 08:55:20','system',NULL,NULL,NULL),(81,NULL,'202005282128005072024','1000.00','Success','工商银行','湖北省','马园丹','6228480086153042000001','湖北省','ICBC','2020-05-29 08:55:20','system','2020-05-29 09:55:20','system',NULL),(82,NULL,'202005282128005072076','500.00','Pending','工商银行','湖北省','马园丹','6228480086153042000001','湖北省','ICBC','2020-05-29 08:55:20','system',NULL,NULL,NULL),(83,NULL,'202005282128005072024','1000.00','Success','工商银行','湖北省','马园丹','6228480086153042000001','湖北省','ICBC','2020-05-29 08:55:20','system','2020-05-29 09:55:20','system',NULL),(84,NULL,'202005282128005072076','500.00','Pending','工商银行','湖北省','马园丹','6228480086153042000001','湖北省','ICBC','2020-05-29 08:55:20','system',NULL,NULL,NULL),(85,NULL,'202005282128005072024','1000.00','Success','工商银行','湖北省','马园丹','6228480086153042000001','湖北省','ICBC','2020-05-29 08:55:20','system','2020-05-29 09:55:20','system',NULL),(86,NULL,'202005282128005072076','500.00','Pending','工商银行','湖北省','马园丹','6228480086153042000001','湖北省','ICBC','2020-05-29 08:55:20','system',NULL,NULL,NULL),(87,NULL,'202005282128005072024','1000.00','Success','工商银行','湖北省','马园丹','6228480086153042000001','湖北省','ICBC','2020-05-29 08:55:20','system','2020-05-29 09:55:20','system',NULL),(88,NULL,'202005282128005072076','500.00','Pending','工商银行','湖北省','马园丹','6228480086153042000001','湖北省','ICBC','2020-05-29 08:55:20','system',NULL,NULL,NULL),(89,NULL,'202005282128005072024','1000.00','Success','工商银行','湖北省','马园丹','6228480086153042000001','湖北省','ICBC','2020-05-29 08:55:20','system','2020-05-29 09:55:20','system',NULL),(90,NULL,'202005282128005072076','500.00','Pending','工商银行','湖北省','马园丹','6228480086153042000001','湖北省','ICBC','2020-05-29 08:55:20','system',NULL,NULL,NULL),(91,NULL,'202005282128005072024','1000.00','Success','工商银行','湖北省','马园丹','6228480086153042000001','湖北省','ICBC','2020-05-29 08:55:20','system','2020-05-29 09:55:20','system',NULL),(92,NULL,'202005282128005072076','500.00','Pending','工商银行','湖北省','马园丹','6228480086153042000001','湖北省','ICBC','2020-05-29 08:55:20','system',NULL,NULL,NULL),(93,NULL,'202005282128005072024','1000.00','Success','工商银行','湖北省','马园丹','6228480086153042000001','湖北省','ICBC','2020-05-29 08:55:20','system','2020-05-29 09:55:20','system',NULL),(94,NULL,'202005282128005072076','500.00','Pending','工商银行','湖北省','马园丹','6228480086153042000001','湖北省','ICBC','2020-05-29 08:55:20','system',NULL,NULL,NULL),(95,NULL,'202005282128005072024','1000.00','Success','工商银行','湖北省','马园丹','6228480086153042000001','湖北省','ICBC','2020-05-29 08:55:20','system','2020-05-29 09:55:20','system',NULL),(96,NULL,'202005282128005072076','500.00','Pending','工商银行','湖北省','马园丹','6228480086153042000001','湖北省','ICBC','2020-05-29 08:55:20','system',NULL,NULL,NULL),(97,NULL,'202005282128005072024','1000.00','Success','工商银行','湖北省','马园丹','6228480086153042000001','湖北省','ICBC','2020-05-29 08:55:20','system','2020-05-29 09:55:20','system',NULL),(98,NULL,'202005282128005072076','500.00','Pending','工商银行','湖北省','马园丹','6228480086153042000001','湖北省','ICBC','2020-05-29 08:55:20','system',NULL,NULL,NULL),(99,NULL,'202005282128005072024','1000.00','Success','工商银行','湖北省','马园丹','6228480086153042000001','湖北省','ICBC','2020-05-29 08:55:20','system','2020-05-29 09:55:20','system',NULL),(100,NULL,'202005282128005072076','500.00','Pending','工商银行','湖北省','马园丹','6228480086153042000001','湖北省','ICBC','2020-05-29 08:55:20','system',NULL,NULL,NULL),(101,NULL,'202005282128005072024','1000.00','Success','工商银行','湖北省','马园丹','6228480086153042000001','湖北省','ICBC','2020-05-29 08:55:20','system','2020-05-29 09:55:20','system',NULL),(102,NULL,'202005282128005072076','500.00','Pending','工商银行','湖北省','马园丹','6228480086153042000001','湖北省','ICBC','2020-05-29 08:55:20','system',NULL,NULL,NULL),(103,NULL,'202005282128005072024','1000.00','Success','工商银行','湖北省','马园丹','6228480086153042000001','湖北省','ICBC','2020-05-29 08:55:20','system','2020-05-29 09:55:20','system',NULL),(104,NULL,'202005282128005072076','500.00','Pending','工商银行','湖北省','马园丹','6228480086153042000001','湖北省','ICBC','2020-05-29 08:55:20','system',NULL,NULL,NULL),(105,NULL,'202005282128005072024','1000.00','Success','工商银行','湖北省','马园丹','6228480086153042000001','湖北省','ICBC','2020-05-29 08:55:20','system','2020-05-29 09:55:20','system',NULL),(106,NULL,'202005282128005072076','500.00','Pending','工商银行','湖北省','马园丹','6228480086153042000001','湖北省','ICBC','2020-05-29 08:55:20','system',NULL,NULL,NULL),(107,NULL,'202005282128005072024','1000.00','Success','工商银行','湖北省','马园丹','6228480086153042000001','湖北省','ICBC','2020-05-29 08:55:20','system','2020-05-29 09:55:20','system',NULL),(108,NULL,'202005282128005072076','500.00','Pending','工商银行','湖北省','马园丹','6228480086153042000001','湖北省','ICBC','2020-05-29 08:55:20','system',NULL,NULL,NULL),(109,NULL,'202005282128005072024','1000.00','Success','工商银行','湖北省','马园丹','6228480086153042000001','湖北省','ICBC','2020-05-29 08:55:20','system','2020-05-29 09:55:20','system',NULL),(110,NULL,'202005282128005072076','500.00','Pending','工商银行','湖北省','马园丹','6228480086153042000001','湖北省','ICBC','2020-05-29 08:55:20','system',NULL,NULL,NULL),(111,NULL,'202005282128005072024','1000.00','Success','工商银行','湖北省','马园丹','6228480086153042000001','湖北省','ICBC','2020-05-29 08:55:20','system','2020-05-29 09:55:20','system',NULL),(112,NULL,'202005282128005072076','500.00','Pending','工商银行','湖北省','马园丹','6228480086153042000001','湖北省','ICBC','2020-05-29 08:55:20','system',NULL,NULL,NULL),(113,NULL,'202005282128005072024','1000.00','Success','工商银行','湖北省','马园丹','6228480086153042000001','湖北省','ICBC','2020-05-29 08:55:20','system','2020-05-29 09:55:20','system',NULL),(114,NULL,'202005282128005072076','500.00','Pending','工商银行','湖北省','马园丹','6228480086153042000001','湖北省','ICBC','2020-05-29 08:55:20','system',NULL,NULL,NULL),(115,NULL,'202005282128005072024','1000.00','Success','工商银行','湖北省','马园丹','6228480086153042000001','湖北省','ICBC','2020-05-29 08:55:20','system','2020-05-29 09:55:20','system',NULL),(116,NULL,'202005282128005072076','500.00','Pending','工商银行','湖北省','马园丹','6228480086153042000001','湖北省','ICBC','2020-05-29 08:55:20','system',NULL,NULL,NULL),(117,NULL,'202005282128005072024','1000.00','Success','工商银行','湖北省','马园丹','6228480086153042000001','湖北省','ICBC','2020-05-29 08:55:20','system','2020-05-29 09:55:20','system',NULL),(118,NULL,'202005282128005072076','500.00','Pending','工商银行','湖北省','马园丹','6228480086153042000001','湖北省','ICBC','2020-05-29 08:55:20','system',NULL,NULL,NULL),(119,NULL,'202005282128005072024','1000.00','Success','工商银行','湖北省','马园丹','6228480086153042000001','湖北省','ICBC','2020-05-29 08:55:20','system','2020-05-29 09:55:20','system',NULL),(120,NULL,'202005282128005072076','500.00','Pending','工商银行','湖北省','马园丹','6228480086153042000001','湖北省','ICBC','2020-05-29 08:55:20','system',NULL,NULL,NULL),(121,NULL,'202005282128005072024','1000.00','Success','工商银行','湖北省','马园丹','6228480086153042000001','湖北省','ICBC','2020-05-29 08:55:20','system','2020-05-29 09:55:20','system',NULL),(122,NULL,'202005282128005072076','500.00','Pending','工商银行','湖北省','马园丹','6228480086153042000001','湖北省','ICBC','2020-05-29 08:55:20','system',NULL,NULL,NULL),(123,NULL,'202005282128005072024','1000.00','Success','工商银行','湖北省','马园丹','6228480086153042000001','湖北省','ICBC','2020-05-29 08:55:20','system','2020-05-29 09:55:20','system',NULL),(124,NULL,'202005282128005072076','500.00','Pending','工商银行','湖北省','马园丹','6228480086153042000001','湖北省','ICBC','2020-05-29 08:55:20','system',NULL,NULL,NULL),(125,NULL,'202005282128005072024','1000.00','Success','工商银行','湖北省','马园丹','6228480086153042000001','湖北省','ICBC','2020-05-29 08:55:20','system','2020-05-29 09:55:20','system',NULL),(126,NULL,'202005282128005072076','500.00','Pending','工商银行','湖北省','马园丹','6228480086153042000001','湖北省','ICBC','2020-05-29 08:55:20','system',NULL,NULL,NULL),(127,NULL,'202005282128005072024','1000.00','Success','工商银行','湖北省','马园丹','6228480086153042000001','湖北省','ICBC','2020-05-29 08:55:20','system','2020-05-29 09:55:20','system',NULL),(128,NULL,'202005282128005072076','500.00','Pending','工商银行','湖北省','马园丹','6228480086153042000001','湖北省','ICBC','2020-05-29 08:55:20','system',NULL,NULL,NULL),(129,NULL,'202005282128005072024','1000.00','Success','工商银行','湖北省','马园丹','6228480086153042000001','湖北省','ICBC','2020-05-29 08:55:20','system','2020-05-29 09:55:20','system',NULL),(130,NULL,'202005282128005072076','500.00','Pending','工商银行','湖北省','马园丹','6228480086153042000001','湖北省','ICBC','2020-05-29 08:55:20','system',NULL,NULL,NULL),(131,NULL,'20200528123121231','160','Pending','aaa',NULL,'bcd','123123123',NULL,NULL,'2020-06-02 11:37:12',NULL,NULL,NULL,NULL),(132,NULL,'20200528123121232','350','Pending','aaa',NULL,'bcds','13123123123123123',NULL,NULL,'2020-06-03 11:16:57',NULL,'2020-06-03 11:16:57',NULL,NULL),(133,NULL,'20200528123121232','231.23','Success','aaa',NULL,'bcds','13123123123123123',NULL,NULL,'2020-06-03 11:17:13',NULL,'2020-06-03 11:17:13',NULL,NULL),(134,NULL,'20200528123121232','231.23','Success','aaa',NULL,'bcds','13123123123123123',NULL,NULL,'2020-06-03 11:17:15',NULL,'2020-06-03 11:17:15',NULL,NULL),(135,NULL,'20200528123121232','231.23','Success','aaa',NULL,'bcds','13123123123123123',NULL,NULL,'2020-06-03 11:17:24',NULL,'2020-06-03 11:17:24',NULL,NULL),(136,NULL,'20200528123121233','232323','Success','ccc',NULL,'ccc','13123123123123123',NULL,NULL,'2020-06-04 01:06:47',NULL,'2020-06-04 01:06:47',NULL,NULL),(137,NULL,'20200528123121233','123.45','Success','aaa',NULL,'bcds','13123123123123123',NULL,NULL,'2020-06-04 01:08:46',NULL,'2020-06-04 01:08:46',NULL,NULL),(138,NULL,'20200528123121233','123.45','Success','aaa',NULL,'bcds','13123123123123123',NULL,NULL,'2020-06-04 01:09:31',NULL,'2020-06-04 01:09:31',NULL,NULL),(139,NULL,'20200528123121233','123.45','Success','aaa',NULL,'ccc','13123123123123123',NULL,NULL,'2020-06-04 01:10:10',NULL,'2020-06-04 01:10:10',NULL,NULL),(140,NULL,'20200528123121233','123.45','Success','aaa',NULL,'ccc','13123123123123123',NULL,NULL,'2020-06-04 01:11:20',NULL,'2020-06-04 01:11:20',NULL,NULL),(141,NULL,'20200528123121233','123.45','Success','aaa',NULL,'ccc','13123123123123123',NULL,NULL,'2020-06-04 01:13:25',NULL,'2020-06-04 01:13:25',NULL,NULL),(142,NULL,'20200528123121234','44.44','Success','aaa',NULL,'bcds','13123123123123123',NULL,NULL,'2020-06-04 01:13:50',NULL,'2020-06-04 01:13:50',NULL,NULL),(143,NULL,'20200528123121234','44.44','Success','aaa',NULL,'bcds','13123123123123123',NULL,NULL,'2020-06-04 01:14:07',NULL,'2020-06-04 01:14:07',NULL,NULL),(144,NULL,'20200528123121236','33.33','Success','aaa',NULL,'bcds','13123123123123123',NULL,NULL,'2020-06-04 01:14:26',NULL,'2020-06-04 01:14:26',NULL,NULL),(145,'samo','20200919113627','500','Success','testing ',NULL,'teting','teting',NULL,NULL,'2020-09-19 11:36:27',NULL,'2020-09-19 11:36:27',NULL,NULL),(146,'samo','20200919113726','500','Success','testing ',NULL,'teting','teting',NULL,NULL,'2020-09-19 11:37:26',NULL,'2020-09-19 11:37:26',NULL,NULL),(147,'samo','20200919114217','500','Success','5675675',NULL,'576','76576',NULL,NULL,'2020-09-19 11:42:17',NULL,'2020-09-19 11:42:17',NULL,NULL),(148,'samo','20200919114350','6000','Success','68768',NULL,'876786','76876',NULL,NULL,'2020-09-19 11:43:50',NULL,'2020-09-19 11:43:50',NULL,NULL),(149,'samo','20200920074634','100','SUCCESS','890',NULL,'890','890',NULL,NULL,'2020-09-20 07:46:34',NULL,'2020-09-20 07:46:34',NULL,NULL);
/*!40000 ALTER TABLE `payouttransaction` ENABLE KEYS */;
UNLOCK TABLES;

--
-- Table structure for table `summarylist`
--

DROP TABLE IF EXISTS `summarylist`;
/*!40101 SET @saved_cs_client     = @@character_set_client */;
/*!50503 SET character_set_client = utf8mb4 */;
CREATE TABLE `summarylist` (
  `summaryid` int NOT NULL AUTO_INCREMENT,
  `appid` varchar(150) DEFAULT NULL,
  `summarydate` varchar(150) DEFAULT NULL,
  `summarytotalamount` varchar(150) DEFAULT NULL,
  `summarytotalsuccessamt` varchar(150) DEFAULT NULL,
  `summarytotalafterfee` varchar(150) DEFAULT NULL,
  `summarytrx` varchar(150) DEFAULT NULL,
  `summarysuccesstrx` varchar(150) DEFAULT NULL,
  `createddatettime` varchar(150) DEFAULT NULL,
  `createdby` varchar(150) DEFAULT NULL,
  PRIMARY KEY (`summaryid`)
) ENGINE=InnoDB AUTO_INCREMENT=100007 DEFAULT CHARSET=utf8mb4 COLLATE=utf8mb4_0900_ai_ci;
/*!40101 SET character_set_client = @saved_cs_client */;

--
-- Dumping data for table `summarylist`
--

LOCK TABLES `summarylist` WRITE;
/*!40000 ALTER TABLE `summarylist` DISABLE KEYS */;
INSERT INTO `summarylist` VALUES (100000,'1000001','20200529','56584.5','45384.5','44181.79','43','38','2020-05-29 00:10','system'),(100001,'1000001','20200602','56584.5','45384.5','44181.79','43','38','2020-06-02 00:10','system'),(100002,'samo','2020-09-23','4000','800','799.98399999924','40','8',NULL,NULL),(100003,'bkintl3','2020-09-23','0','0','-0.00999999977648258','0','0',NULL,NULL),(100004,'js','2020-09-23','0','0','-0.0120000001043081','0','0',NULL,NULL),(100005,'jsabc','2020-09-23','0','0','-0.0139999995008111','0','0',NULL,NULL),(100006,'jsacb2','2020-09-23','0','0','-0.0149999996647239','0','0',NULL,NULL);
/*!40000 ALTER TABLE `summarylist` ENABLE KEYS */;
UNLOCK TABLES;

--
-- Table structure for table `tbalanceupdate`
--

DROP TABLE IF EXISTS `tbalanceupdate`;
/*!40101 SET @saved_cs_client     = @@character_set_client */;
/*!50503 SET character_set_client = utf8mb4 */;
CREATE TABLE `tbalanceupdate` (
  `id` int NOT NULL AUTO_INCREMENT,
  `merchantid` varchar(500) DEFAULT NULL,
  `balancein` varchar(150) DEFAULT NULL,
  `balanceinafterfee` varchar(150) DEFAULT NULL,
  `updateflag` varchar(45) DEFAULT NULL,
  `balanceout` varchar(45) DEFAULT NULL,
  `balanceoutafterfee` varchar(45) DEFAULT NULL,
  `balance` varchar(45) DEFAULT NULL,
  `createddatetime` varchar(45) DEFAULT NULL,
  `createdby` varchar(45) DEFAULT NULL,
  `orderid` varchar(150) DEFAULT NULL,
  `beforebalance` varchar(45) DEFAULT NULL,
  `merchantrate` varchar(45) DEFAULT NULL,
  `updatetype` varchar(45) DEFAULT NULL,
  `updateddatetime` varchar(45) DEFAULT NULL,
  `appid` varchar(45) DEFAULT NULL,
  PRIMARY KEY (`id`)
) ENGINE=InnoDB AUTO_INCREMENT=18 DEFAULT CHARSET=utf8mb4 COLLATE=utf8mb4_0900_ai_ci;
/*!40101 SET character_set_client = @saved_cs_client */;

--
-- Dumping data for table `tbalanceupdate`
--

LOCK TABLES `tbalanceupdate` WRITE;
/*!40000 ALTER TABLE `tbalanceupdate` DISABLE KEYS */;
INSERT INTO `tbalanceupdate` VALUES (1,'samo','100.00','99.00','1',NULL,NULL,'99','2020-09-18 14:25:40','notifysms',NULL,'0',NULL,'fundin','2020-09-22 12:39:38',NULL),(2,'samo','100.00','99.00','1',NULL,NULL,'198','2020-09-18 14:28:12','notifysms',NULL,'99',NULL,'fundin','2020-09-22 12:39:38',NULL),(3,'samo','100.00','99.00','1',NULL,NULL,'297','2020-09-18 14:28:24','notifysms',NULL,'198',NULL,'fundin','2020-09-22 12:39:38',NULL),(4,'samo','100.00','98.40','1',NULL,NULL,'395.4','2020-09-18 14:28:51','notifysms',NULL,'297',NULL,'fundin','2020-09-22 12:39:38',NULL),(5,'samo',NULL,NULL,'1','500','500.00','-104.6','2020-09-19 11:42:17',NULL,NULL,'395.4',NULL,'fundout','2020-09-22 12:39:38',NULL),(6,'samo',NULL,NULL,'1','6000.00','5995.00','-6099.6','2020-09-19 11:43:50',NULL,NULL,'-104.6',NULL,'fundout','2020-09-22 12:39:39',NULL),(7,'samo',NULL,NULL,'1','100.00','95.00','-6194.6','2020-09-20 07:46:34',NULL,NULL,'-6099.6',NULL,'fundout','2020-09-22 12:39:39',NULL),(9,'samo','100.00','98.40',NULL,NULL,NULL,NULL,NULL,NULL,NULL,NULL,'1.6',NULL,NULL,NULL),(10,'samo','100.00','98.40',NULL,NULL,NULL,NULL,NULL,NULL,NULL,NULL,'1.6',NULL,NULL,NULL),(11,'samo','100.00','98.40',NULL,NULL,NULL,NULL,NULL,NULL,NULL,NULL,'1.6',NULL,NULL,NULL),(12,'samo','100.00','98.40',NULL,NULL,NULL,NULL,NULL,NULL,NULL,NULL,'1.6',NULL,NULL,NULL),(13,'samo','100.00','98.40',NULL,NULL,NULL,NULL,NULL,NULL,NULL,NULL,'1.6',NULL,NULL,NULL),(14,'samo','100.00','98.40',NULL,NULL,NULL,NULL,NULL,NULL,NULL,NULL,'1.6',NULL,NULL,NULL),(15,'samo','100.00','98.40',NULL,NULL,NULL,NULL,NULL,NULL,NULL,NULL,'1.6',NULL,NULL,NULL),(16,'samo','100.00','98.40',NULL,NULL,NULL,NULL,NULL,NULL,NULL,NULL,'1.6',NULL,NULL,NULL),(17,'samo','100.00','98.40',NULL,NULL,NULL,NULL,NULL,NULL,NULL,NULL,'1.6',NULL,NULL,NULL);
/*!40000 ALTER TABLE `tbalanceupdate` ENABLE KEYS */;
UNLOCK TABLES;

--
-- Table structure for table `tcallbacklog`
--

DROP TABLE IF EXISTS `tcallbacklog`;
/*!40101 SET @saved_cs_client     = @@character_set_client */;
/*!50503 SET character_set_client = utf8mb4 */;
CREATE TABLE `tcallbacklog` (
  `ID` int NOT NULL AUTO_INCREMENT,
  `merchantid` varchar(45) DEFAULT NULL,
  `callbackurl` varchar(500) DEFAULT NULL,
  `postvalues` varchar(4500) DEFAULT NULL,
  `postflag` varchar(45) DEFAULT NULL,
  `merchantorderid` varchar(150) DEFAULT NULL,
  `createddatetime` varchar(45) DEFAULT NULL,
  `createdby` varchar(45) DEFAULT NULL,
  PRIMARY KEY (`ID`)
) ENGINE=InnoDB AUTO_INCREMENT=20 DEFAULT CHARSET=utf8mb4 COLLATE=utf8mb4_0900_ai_ci;
/*!40101 SET character_set_client = @saved_cs_client */;

--
-- Dumping data for table `tcallbacklog`
--

LOCK TABLES `tcallbacklog` WRITE;
/*!40000 ALTER TABLE `tcallbacklog` DISABLE KEYS */;
INSERT INTO `tcallbacklog` VALUES (1,NULL,NULL,'billamount=1000&appId=testingAgent&orderId=1000285&pay=true&version=1.0&sign=657ce957e70d453b58665007152ffec3','0','M201PO32384760','2020-06-24 06:26:34','SMSnotify.php'),(2,NULL,NULL,'billamount=1000&appId=testingAgent&orderId=1000285&pay=true&version=1.0&sign=657ce957e70d453b58665007152ffec3','0','M201PO32384760','2020-06-24 06:27:12','SMSnotify.php'),(3,NULL,NULL,'billamount=1000&appId=testingAgent&orderId=1000285&pay=true&version=1.0&sign=657ce957e70d453b58665007152ffec3','0','M201PO32384760','2020-06-24 06:27:13','SMSnotify.php'),(4,'testingAgent',NULL,'billamount=1000&appId=testingAgent&orderId=1000285&pay=true&version=1.0&sign=657ce957e70d453b58665007152ffec3','0','M201PO32384760','2020-06-24 06:30:55','SMSnotify.php'),(5,'testingAgent',NULL,'billamount=1000&appId=testingAgent&orderId=1000285&pay=true&version=1.0&sign=657ce957e70d453b58665007152ffec3','0','M201PO32384760','2020-06-24 06:30:56','SMSnotify.php'),(6,'testingAgent',NULL,'billamount=1000&appId=testingAgent&orderId=1000285&pay=true&version=1.0&sign=657ce957e70d453b58665007152ffec3','0','M201PO32384760','2020-06-24 06:34:50','SMSnotify.php'),(7,'testingAgent',NULL,'billamount=1000&appId=testingAgent&orderId=1000285&pay=true&version=1.0&sign=657ce957e70d453b58665007152ffec3','0','M201PO32384760','2020-06-24 06:36:23','SMSnotify.php'),(8,'testingAgent',NULL,'billamount=1000&appId=testingAgent&orderId=1000285&pay=true&version=1.0&sign=657ce957e70d453b58665007152ffec3','0','M201PO32384760','2020-06-24 06:36:24','SMSnotify.php'),(9,'testingAgent',NULL,'billamount=1000&appId=testingAgent&orderId=1000285&pay=true&version=1.0&sign=657ce957e70d453b58665007152ffec3','0','M201PO32384760','2020-06-24 06:36:24','SMSnotify.php'),(10,'testingAgent',NULL,'billamount=1000&appId=testingAgent&orderId=1000285&pay=true&version=1.0&sign=657ce957e70d453b58665007152ffec3','0','M201PO32384760','2020-06-24 06:36:24','SMSnotify.php'),(11,'testingAgent',NULL,'billamount=1000&appId=testingAgent&orderId=1000285&pay=true&version=1.0&sign=657ce957e70d453b58665007152ffec3','0','M201PO32384760','2020-06-24 06:36:54','SMSnotify.php'),(12,'testingAgent',NULL,'billamount=1000&appId=testingAgent&orderId=1000285&pay=true&version=1.0&sign=657ce957e70d453b58665007152ffec3','0','M201PO32384760','2020-06-24 06:36:56','SMSnotify.php'),(13,'testingAgent',NULL,'billamount=1000&appId=testingAgent&orderId=1000285&pay=true&version=1.0&sign=657ce957e70d453b58665007152ffec3','0','M201PO32384760','2020-06-24 06:37:13','SMSnotify.php'),(14,'testingAgent',NULL,'billamount=1000&appId=testingAgent&orderId=1000285&pay=true&version=1.0&sign=657ce957e70d453b58665007152ffec3','0','M201PO32384760','2020-06-24 06:37:14','SMSnotify.php'),(15,'testingAgent',NULL,'billamount=1000&appId=testingAgent&orderId=1000285&pay=true&version=1.0&sign=657ce957e70d453b58665007152ffec3','0','M201PO32384760','2020-06-24 06:37:42','SMSnotify.php'),(16,'testingAgent',NULL,'billamount=1000&appId=testingAgent&orderId=1000285&pay=true&version=1.0&sign=657ce957e70d453b58665007152ffec3','0','M201PO32384760','2020-06-24 06:37:42','SMSnotify.php'),(17,'testingAgent',NULL,'billamount=1000&appId=testingAgent&orderId=1000285&pay=true&version=1.0&sign=657ce957e70d453b58665007152ffec3','0','M201PO32384760','2020-06-24 06:38:38','SMSnotify.php'),(18,'testingAgent',NULL,'billamount=1000&appId=testingAgent&orderId=1000285&pay=true&version=1.0&sign=657ce957e70d453b58665007152ffec3','0','M201PO32384760','2020-06-24 06:38:51','SMSnotify.php'),(19,'testingAgent',NULL,'billamount=1000&appId=testingAgent&orderId=1000285&pay=true&version=1.0&sign=657ce957e70d453b58665007152ffec3','0','M201PO32384760','2020-06-24 06:41:00','SMSnotify.php');
/*!40000 ALTER TABLE `tcallbacklog` ENABLE KEYS */;
UNLOCK TABLES;

--
-- Table structure for table `tcardslist`
--

DROP TABLE IF EXISTS `tcardslist`;
/*!40101 SET @saved_cs_client     = @@character_set_client */;
/*!50503 SET character_set_client = utf8mb4 */;
CREATE TABLE `tcardslist` (
  `id` int NOT NULL AUTO_INCREMENT,
  `cardname` varchar(500) DEFAULT NULL,
  `cardno` varchar(500) DEFAULT NULL,
  `cardbankname` varchar(500) DEFAULT NULL,
  `createddatetime` varchar(500) DEFAULT NULL,
  `createdby` varchar(150) DEFAULT NULL,
  `cardbankshortname` varchar(500) DEFAULT NULL,
  `cardstatus` varchar(100) DEFAULT NULL,
  `sequence` bigint DEFAULT '0',
  `is_deleted` tinyint(1) NOT NULL DEFAULT '0',
  PRIMARY KEY (`id`)
) ENGINE=InnoDB AUTO_INCREMENT=8 DEFAULT CHARSET=utf8mb4 COLLATE=utf8mb4_0900_ai_ci;
/*!40101 SET character_set_client = @saved_cs_client */;

--
-- Dumping data for table `tcardslist`
--

LOCK TABLES `tcardslist` WRITE;
/*!40000 ALTER TABLE `tcardslist` DISABLE KEYS */;
INSERT INTO `tcardslist` VALUES (1,'张婧1','6226623301011742','交通银行',NULL,NULL,'张婧交通','false',15,0),(2,'李良良2','622662330101174278','中国工商银行',NULL,NULL,'李良良工商','false',4,0),(3,'郭素坚3','6228480928741026077','中国工商银行',NULL,NULL,'郭素坚工商','false',19,0),(4,'冯想勤4','62284809287410260890','中国工商银行',NULL,NULL,'冯想勤工商','false',23,1),(5,'冯想勤5','123412341234','Apna Bank','2020-09-10 17:28:05','superadmin','AB','false',18,0),(6,'冯想勤6','1254545545','中国工商银行	1','2020-09-10 20:43:36','superadmin','cv','true',24,0),(7,'测试7','89789798','测试名','2020-09-10 21:02:09','superadmin','测试短名','false',21,1);
/*!40000 ALTER TABLE `tcardslist` ENABLE KEYS */;
UNLOCK TABLES;

--
-- Table structure for table `tgatewaycallbacklog`
--

DROP TABLE IF EXISTS `tgatewaycallbacklog`;
/*!40101 SET @saved_cs_client     = @@character_set_client */;
/*!50503 SET character_set_client = utf8mb4 */;
CREATE TABLE `tgatewaycallbacklog` (
  `ID` int NOT NULL AUTO_INCREMENT,
  `postvalues` varchar(5000) DEFAULT NULL,
  `callbackurl` varchar(700) DEFAULT NULL,
  `createddatetime` varchar(150) DEFAULT NULL,
  `createdby` varchar(150) DEFAULT NULL,
  `amount` varchar(100) DEFAULT NULL,
  `appid` varchar(100) DEFAULT NULL,
  `signature` varchar(2000) DEFAULT NULL,
  `orderid` varchar(100) DEFAULT NULL,
  `pay` varchar(45) DEFAULT NULL,
  `version` varchar(45) DEFAULT NULL,
  `updateddatetime` varchar(100) DEFAULT NULL,
  `updatedby` varchar(100) DEFAULT NULL,
  PRIMARY KEY (`ID`)
) ENGINE=InnoDB AUTO_INCREMENT=18 DEFAULT CHARSET=utf8mb4 COLLATE=utf8mb4_0900_ai_ci;
/*!40101 SET character_set_client = @saved_cs_client */;

--
-- Dumping data for table `tgatewaycallbacklog`
--

LOCK TABLES `tgatewaycallbacklog` WRITE;
/*!40000 ALTER TABLE `tgatewaycallbacklog` DISABLE KEYS */;
INSERT INTO `tgatewaycallbacklog` VALUES (1,'amount=100.00&appId=samo&orderId=20200918044016&&sign=B0E773735CC36C81691EE52774CD6072',NULL,'2020-09-18 12:42:52','notifysms','100.00','samo','B0E773735CC36C81691EE52774CD6072','20200918044016',NULL,NULL,NULL,NULL),(2,'amount=100.00&appId=samo&orderId=20200918044016&&sign=B0E773735CC36C81691EE52774CD6072',NULL,'2020-09-18 12:44:22','notifysms','100.00','samo','B0E773735CC36C81691EE52774CD6072','20200918044016',NULL,NULL,NULL,NULL),(3,'amount=100.00&appId=samo&orderId=20200918044016&&sign=B0E773735CC36C81691EE52774CD6072',NULL,'2020-09-18 12:46:36','notifysms','100.00','samo','B0E773735CC36C81691EE52774CD6072','20200918044016',NULL,NULL,NULL,NULL),(4,'amount=100.00&appId=samo&orderId=20200918044016&&sign=B0E773735CC36C81691EE52774CD6072',NULL,'2020-09-18 12:47:34','notifysms','100.00','samo','B0E773735CC36C81691EE52774CD6072','20200918044016',NULL,NULL,NULL,NULL),(5,'amount=100.00&appId=samo&orderId=20200918044016&pay=&version=&sign=B0E773735CC36C81691EE52774CD6072',NULL,'2020-09-18 12:48:31','notifysms','100.00','samo','B0E773735CC36C81691EE52774CD6072','20200918044016',NULL,NULL,NULL,NULL),(6,'amount=100.00&appId=samo&orderId=20200918044016&pay=true&version=1.0&sign=FDB4762E4D769EC9A81D4BFC1E05E37C',NULL,'2020-09-18 12:49:19','notifysms','100.00','samo','FDB4762E4D769EC9A81D4BFC1E05E37C','20200918044016','true','1.0',NULL,NULL),(7,'amount=10000&appId=samo&orderId=20200918045823&pay=true&version=1.0&sign=FCC3CBD4266D95CC93780369DB979372',NULL,'2020-09-18 12:58:53','notifysms','100.00','samo','FCC3CBD4266D95CC93780369DB979372','20200918045823','true','1.0',NULL,NULL),(8,'amount=10000&appId=samo&orderId=20200918045823&pay=true&version=1.0&sign=9FA2E0A88454543AD42C207511397A9F',NULL,'2020-09-18 13:08:17','notifysms','100.00','samo','9FA2E0A88454543AD42C207511397A9F','20200918045823','true','1.0',NULL,NULL),(9,'amount=10000&appId=samo&orderId=20200918051315&pay=true&version=1.0&sign=CA1498EB9735D612D8224876219A614C',NULL,'2020-09-18 13:14:01','notifysms','100.00','samo','CA1498EB9735D612D8224876219A614C','20200918051315','true','1.0',NULL,NULL),(10,'amount=10000&appId=samo&orderId=20200918051315&pay=true&version=1.0&sign=CA1498EB9735D612D8224876219A614C',NULL,'2020-09-18 13:16:12','notifysms','100.00','samo','CA1498EB9735D612D8224876219A614C','20200918051315','true','1.0',NULL,NULL),(11,'amount=10000&appId=samo&orderId=20200918051315&pay=true&version=1.0&sign=CA1498EB9735D612D8224876219A614C',NULL,'2020-09-18 13:16:46','notifysms','100.00','samo','CA1498EB9735D612D8224876219A614C','20200918051315','true','1.0',NULL,NULL),(12,'amount=10000&appId=samo&orderId=20200918062241&pay=true&version=1.0&sign=4F4F43DB0008FD7C5EEB63EE4C503AFB',NULL,'2020-09-18 14:23:14','notifysms','100.00','samo','4F4F43DB0008FD7C5EEB63EE4C503AFB','20200918062241','true','1.0',NULL,NULL),(13,'amount=10000&appId=samo&orderId=20200918062241&pay=true&version=1.0&sign=4F4F43DB0008FD7C5EEB63EE4C503AFB',NULL,'2020-09-18 14:23:47','notifysms','100.00','samo','4F4F43DB0008FD7C5EEB63EE4C503AFB','20200918062241','true','1.0',NULL,NULL),(14,'amount=10000&appId=samo&orderId=20200918062241&pay=true&version=1.0&sign=4F4F43DB0008FD7C5EEB63EE4C503AFB',NULL,'2020-09-18 14:25:40','notifysms','100.00','samo','4F4F43DB0008FD7C5EEB63EE4C503AFB','20200918062241','true','1.0',NULL,NULL),(15,'amount=10000&appId=samo&orderId=20200918062241&pay=true&version=1.0&sign=4F4F43DB0008FD7C5EEB63EE4C503AFB',NULL,'2020-09-18 14:28:12','notifysms','100.00','samo','4F4F43DB0008FD7C5EEB63EE4C503AFB','20200918062241','true','1.0',NULL,NULL),(16,'amount=10000&appId=samo&orderId=20200918062241&pay=true&version=1.0&sign=4F4F43DB0008FD7C5EEB63EE4C503AFB',NULL,'2020-09-18 14:28:24','notifysms','100.00','samo','4F4F43DB0008FD7C5EEB63EE4C503AFB','20200918062241','true','1.0',NULL,NULL),(17,'amount=10000&appId=samo&orderId=20200918062241&pay=true&version=1.0&sign=4F4F43DB0008FD7C5EEB63EE4C503AFB',NULL,'2020-09-18 14:28:51','notifysms','100.00','samo','4F4F43DB0008FD7C5EEB63EE4C503AFB','20200918062241','true','1.0',NULL,NULL);
/*!40000 ALTER TABLE `tgatewaycallbacklog` ENABLE KEYS */;
UNLOCK TABLES;

--
-- Table structure for table `tparameterslogs`
--

DROP TABLE IF EXISTS `tparameterslogs`;
/*!40101 SET @saved_cs_client     = @@character_set_client */;
/*!50503 SET character_set_client = utf8mb4 */;
CREATE TABLE `tparameterslogs` (
  `ID` int NOT NULL AUTO_INCREMENT,
  `parameter` varchar(5000) DEFAULT NULL,
  `merchantid` varchar(150) DEFAULT NULL,
  `createdatetime` varchar(150) DEFAULT NULL,
  `createby` varchar(150) DEFAULT NULL,
  `orderid` varchar(150) DEFAULT NULL,
  PRIMARY KEY (`ID`)
) ENGINE=InnoDB AUTO_INCREMENT=195 DEFAULT CHARSET=utf8mb4 COLLATE=utf8mb4_0900_ai_ci;
/*!40101 SET character_set_client = @saved_cs_client */;

--
-- Dumping data for table `tparameterslogs`
--

LOCK TABLES `tparameterslogs` WRITE;
/*!40000 ALTER TABLE `tparameterslogs` DISABLE KEYS */;
INSERT INTO `tparameterslogs` VALUES (1,NULL,NULL,'2020-06-11 10:20:39','banktransfer',NULL),(2,NULL,NULL,'2020-06-11 10:36:29','banktransfer',NULL),(3,NULL,NULL,'2020-06-11 11:12:15','banktransfer',NULL),(4,NULL,NULL,'2020-06-11 11:12:17','banktransfer',NULL),(5,NULL,NULL,'2020-06-11 11:14:15','banktransfer',NULL),(6,NULL,NULL,'2020-06-11 11:15:15','banktransfer',NULL),(7,NULL,NULL,'2020-06-11 11:52:44','banktransfer',NULL),(8,NULL,NULL,'2020-06-11 11:53:45','banktransfer',NULL),(9,NULL,NULL,'2020-06-11 11:54:00','banktransfer',NULL),(10,NULL,NULL,'2020-06-11 11:54:29','banktransfer',NULL),(11,NULL,NULL,'2020-06-11 11:54:30','banktransfer',NULL),(12,NULL,NULL,'2020-06-11 11:56:53','banktransfer',NULL),(13,NULL,NULL,'2020-06-11 11:58:43','banktransfer',NULL),(14,NULL,NULL,'2020-06-11 11:58:53','banktransfer',NULL),(15,NULL,NULL,'2020-06-11 14:03:59','banktransfer',NULL),(16,NULL,NULL,'2020-06-11 14:06:19','banktransfer',NULL),(17,NULL,NULL,'2020-06-11 14:06:20','banktransfer',NULL),(18,NULL,NULL,'2020-06-11 14:06:20','banktransfer',NULL),(19,NULL,NULL,'2020-06-11 14:06:27','banktransfer',NULL),(20,NULL,NULL,'2020-06-11 14:06:27','banktransfer',NULL),(21,NULL,NULL,'2020-06-11 14:06:28','banktransfer',NULL),(22,NULL,NULL,'2020-06-11 14:06:41','banktransfer',NULL),(23,NULL,NULL,'2020-06-11 14:09:32','banktransfer',NULL),(24,'amount=20.00&appId=testingAgent&','testingAgent','2020-06-11 14:09:50','banktransfer',NULL),(25,'amount=20.00&appId=testingAgent&','testingAgent','2020-06-11 14:10:06','banktransfer',NULL),(26,'amount=20.00&appId=testingAgent&','testingAgent','2020-06-11 14:11:46','banktransfer',NULL),(27,'amount=20.00&appId=testingAgent&','testingAgent','2020-06-12 11:27:15','banktransfer',NULL),(28,'amount=20.00&appId=testingAgent&','testingAgent','2020-06-12 11:27:26','banktransfer',NULL),(29,'amount=20.00&appId=testingAgent&','testingAgent','2020-06-12 11:28:00','banktransfer',NULL),(30,'amount=20.00&appId=testingAgent&','testingAgent','2020-06-12 11:28:01','banktransfer',NULL),(31,'amount=20.00&appId=testingAgent&','testingAgent','2020-06-12 11:28:01','banktransfer',NULL),(32,'amount=20.00&appId=testingAgent&','testingAgent','2020-06-12 11:28:03','banktransfer',NULL),(33,'amount=20.00&appId=testingAgent&','testingAgent','2020-06-12 11:28:17','banktransfer',NULL),(34,'amount=20.00&appId=testingAgent&','testingAgent','2020-06-12 11:28:18','banktransfer',NULL),(35,'amount=20.00&appId=testingAgent&','testingAgent','2020-06-12 11:28:18','banktransfer',NULL),(36,'amount=20.00&appId=testingAgent&','testingAgent','2020-06-12 11:28:18','banktransfer',NULL),(37,'amount=20.00&appId=testingAgent&','testingAgent','2020-06-12 11:28:19','banktransfer',NULL),(38,'amount=20.00&appId=testingAgent&','testingAgent','2020-06-12 11:28:42','banktransfer',NULL),(39,'amount=20.00&appId=testingAgent&','testingAgent','2020-06-12 11:28:43','banktransfer',NULL),(40,'amount=20.00&appId=testingAgent&','testingAgent','2020-06-12 11:28:43','banktransfer',NULL),(41,'amount=20.00&appId=testingAgent&','testingAgent','2020-06-12 11:28:43','banktransfer',NULL),(42,'amount=20.00&appId=testingAgent&','testingAgent','2020-06-12 11:28:55','banktransfer',NULL),(43,'amount=20.00&appId=testingAgent&','testingAgent','2020-06-12 11:28:55','banktransfer',NULL),(44,'amount=20.00&appId=testingAgent&','testingAgent','2020-06-12 11:28:55','banktransfer',NULL),(45,'amount=20.00&appId=testingAgent&','testingAgent','2020-06-12 11:28:56','banktransfer',NULL),(46,'amount=20.00&appId=testingAgent&','testingAgent','2020-06-12 11:28:56','banktransfer',NULL),(47,'amount=20.00&appId=testingAgent&','testingAgent','2020-06-12 11:29:12','banktransfer',NULL),(48,'amount=20.00&appId=testingAgent&','testingAgent','2020-06-12 11:29:13','banktransfer',NULL),(49,'amount=20.00&appId=testingAgent&','testingAgent','2020-06-12 11:29:24','banktransfer',NULL),(50,'amount=20.00&appId=testingAgent&','testingAgent','2020-06-12 11:30:16','banktransfer',NULL),(51,'amount=20.00&appId=testingAgent&','testingAgent','2020-06-12 11:31:01','banktransfer',NULL),(52,'amount=20.00&appId=testingAgent&','testingAgent','2020-06-12 11:39:29','banktransfer',NULL),(53,'amount=20.00&appId=testingAgent&','testingAgent','2020-06-12 11:39:30','banktransfer',NULL),(54,'amount=20.00&appId=testingAgent&','testingAgent','2020-06-12 11:40:34','banktransfer',NULL),(55,'amount=20.00&appId=testingAgent&','testingAgent','2020-06-12 11:40:34','banktransfer',NULL),(56,'amount=20.00&appId=testingAgent&','testingAgent','2020-06-12 11:40:35','banktransfer',NULL),(57,'amount=20.00&appId=testingAgent&','testingAgent','2020-06-12 11:41:30','banktransfer',NULL),(58,'amount=20.00&appId=testingAgent&','testingAgent','2020-06-12 11:41:47','banktransfer',NULL),(59,'amount=20.00&appId=testingAgent&','testingAgent','2020-06-12 12:01:15','banktransfer',NULL),(60,'amount=20.00&appId=testingAgent&','testingAgent','2020-06-12 12:02:30','banktransfer',NULL),(61,'amount=20.00&appId=testingAgent&','testingAgent','2020-06-12 12:02:31','banktransfer',NULL),(62,'amount=20.00&appId=testingAgent&','testingAgent','2020-06-12 12:07:26','banktransfer',NULL),(63,'amount=20.00&appId=testingAgent&','testingAgent','2020-06-12 12:07:28','banktransfer',NULL),(64,'amount=20.00&appId=testingAgent&','testingAgent','2020-06-12 12:07:29','banktransfer',NULL),(65,'amount=20.00&appId=testingAgent&','testingAgent','2020-06-12 12:26:39','banktransfer',NULL),(66,'amount=20.00&appId=testingAgent&','testingAgent','2020-06-12 12:29:26','banktransfer',NULL),(67,'amount=20.00&appId=testingAgent&','testingAgent','2020-06-12 12:29:36','banktransfer',NULL),(68,'amount=20.00&appId=testingAgent&','testingAgent','2020-06-12 12:29:37','banktransfer',NULL),(69,'amount=20.00&appId=testingAgent&','testingAgent','2020-06-12 12:29:51','banktransfer',NULL),(70,'amount=20.00&appId=testingAgent&','testingAgent','2020-06-12 12:33:42','banktransfer',NULL),(71,'amount=20.00&appId=testingAgent&','testingAgent','2020-06-12 12:33:43','banktransfer',NULL),(72,'amount=20.00&appId=testingAgent&','testingAgent','2020-06-12 12:33:45','banktransfer',NULL),(73,'amount=20.00&appId=testingAgent&','testingAgent','2020-06-12 12:34:58','banktransfer',NULL),(74,'amount=20.00&appId=testingAgent&','testingAgent','2020-06-12 12:34:59','banktransfer',NULL),(75,'amount=20.00&appId=testingAgent&','testingAgent','2020-06-12 12:35:08','banktransfer',NULL),(76,'amount=20.00&appId=testingAgent&','testingAgent','2020-06-12 12:35:09','banktransfer',NULL),(77,'amount=20.00&appId=testingAgent&','testingAgent','2020-06-12 12:35:09','banktransfer',NULL),(78,'amount=20.00&appId=testingAgent&','testingAgent','2020-06-12 12:35:09','banktransfer',NULL),(79,'amount=20.00&appId=testingAgent&','testingAgent','2020-06-12 12:35:23','banktransfer',NULL),(80,'amount=20.00&appId=testingAgent&','testingAgent','2020-06-12 12:35:24','banktransfer',NULL),(81,'amount=20.00&appId=testingAgent&','testingAgent','2020-06-12 12:35:24','banktransfer',NULL),(82,'amount=20.00&appId=testingAgent&','testingAgent','2020-06-12 12:35:37','banktransfer',NULL),(83,'amount=20.00&appId=testingAgent&','testingAgent','2020-06-12 12:35:38','banktransfer',NULL),(84,'amount=20.00&appId=testingAgent&','testingAgent','2020-06-12 12:36:41','banktransfer',NULL),(85,'amount=20.00&appId=testingAgent&','testingAgent','2020-06-12 12:37:00','banktransfer',NULL),(86,'amount=20.00&appId=testingAgent&','testingAgent','2020-06-12 12:37:00','banktransfer',NULL),(87,'amount=20.00&appId=testingAgent&','testingAgent','2020-06-12 12:37:00','banktransfer',NULL),(88,'amount=20.00&appId=testingAgent&','testingAgent','2020-06-12 12:38:03','banktransfer',NULL),(89,'amount=20.00&appId=testingAgent&','testingAgent','2020-06-12 12:39:57','banktransfer',NULL),(90,'amount=20.00&appId=testingAgent&','testingAgent','2020-06-12 12:39:57','banktransfer',NULL),(91,'amount=20.00&appId=testingAgent&','testingAgent','2020-06-12 12:39:57','banktransfer',NULL),(92,'amount=20.00&appId=testingAgent&','testingAgent','2020-06-12 12:39:57','banktransfer',NULL),(93,'amount=20.00&appId=testingAgent&','testingAgent','2020-06-12 12:40:11','banktransfer',NULL),(94,'amount=20.00&appId=testingAgent&','testingAgent','2020-06-12 12:40:11','banktransfer',NULL),(95,'amount=20.00&appId=testingAgent&','testingAgent','2020-06-12 12:40:28','banktransfer',NULL),(96,'amount=20.00&appId=testingAgent&','testingAgent','2020-06-12 12:40:29','banktransfer',NULL),(97,'amount=20.00&appId=testingAgent&','testingAgent','2020-06-12 12:40:29','banktransfer',NULL),(98,'amount=20.00&appId=testingAgent&','testingAgent','2020-06-12 12:40:30','banktransfer',NULL),(99,'amount=20.00&appId=testingAgent&','testingAgent','2020-06-12 12:41:16','banktransfer',NULL),(100,'amount=20.00&appId=testingAgent&','testingAgent','2020-06-12 12:41:16','banktransfer',NULL),(101,'amount=20.00&appId=testingAgent&','testingAgent','2020-06-12 12:41:16','banktransfer',NULL),(102,'amount=20.00&appId=testingAgent&','testingAgent','2020-06-12 12:41:17','banktransfer',NULL),(103,'amount=20.00&appId=testingAgent&','testingAgent','2020-06-12 12:41:29','banktransfer',NULL),(104,'amount=20.00&appId=testingAgent&','testingAgent','2020-06-12 12:41:29','banktransfer',NULL),(105,'amount=20.00&appId=testingAgent&','testingAgent','2020-06-12 12:41:59','banktransfer',NULL),(106,'amount=20.00&appId=testingAgent&','testingAgent','2020-06-12 12:41:59','banktransfer',NULL),(107,'amount=20.00&appId=testingAgent&','testingAgent','2020-06-12 12:41:59','banktransfer',NULL),(108,'amount=20.00&appId=testingAgent&','testingAgent','2020-06-12 12:42:05','banktransfer',NULL),(109,'amount=20.00&appId=testingAgent&','testingAgent','2020-06-12 12:42:36','banktransfer',NULL),(110,'amount=20.00&appId=testingAgent&','testingAgent','2020-06-12 12:44:13','banktransfer',NULL),(111,'amount=20.00&appId=testingAgent&','testingAgent','2020-06-12 12:44:32','banktransfer',NULL),(112,'amount=20.00&appId=testingAgent&','testingAgent','2020-06-12 12:45:15','banktransfer',NULL),(113,'amount=20.00&appId=testingAgent&','testingAgent','2020-06-12 12:46:15','banktransfer',NULL),(114,'amount=20.00&appId=testingAgent&','testingAgent','2020-06-12 12:49:31','banktransfer',NULL),(115,'amount=20.00&appId=testingAgent&','testingAgent','2020-06-12 12:53:25','banktransfer',NULL),(116,'amount=20.00&appId=testingAgent&','testingAgent','2020-06-12 12:53:26','banktransfer',NULL),(117,'amount=20.00&appId=testingAgent&','testingAgent','2020-06-12 12:53:26','banktransfer',NULL),(118,'amount=20.00&appId=testingAgent&','testingAgent','2020-06-12 12:53:27','banktransfer',NULL),(119,'amount=20.00&appId=testingAgent&','testingAgent','2020-06-12 12:53:27','banktransfer',NULL),(120,'amount=20.00&appId=testingAgent&','testingAgent','2020-06-12 12:53:27','banktransfer',NULL),(121,'amount=20.00&appId=testingAgent&','testingAgent','2020-06-12 12:53:28','banktransfer',NULL),(122,'amount=20.00&appId=testingAgent&','testingAgent','2020-06-12 12:53:28','banktransfer',NULL),(123,'amount=20.00&appId=testingAgent&','testingAgent','2020-06-12 12:53:56','banktransfer',NULL),(124,'amount=20.00&appId=testingAgent&','testingAgent','2020-06-12 12:53:56','banktransfer',NULL),(125,'amount=20.00&appId=testingAgent&','testingAgent','2020-06-12 12:53:57','banktransfer',NULL),(126,'amount=20.00&appId=testingAgent&','testingAgent','2020-06-12 12:53:57','banktransfer',NULL),(127,'amount=20.00&appId=testingAgent&','testingAgent','2020-06-12 12:53:58','banktransfer',NULL),(128,'amount=20.00&appId=testingAgent&','testingAgent','2020-06-12 12:53:58','banktransfer',NULL),(129,'amount=20.00&appId=testingAgent&','testingAgent','2020-06-12 12:53:58','banktransfer',NULL),(130,'amount=20.00&appId=testingAgent&','testingAgent','2020-06-12 12:53:59','banktransfer',NULL),(131,'amount=20.00&appId=testingAgent&','testingAgent','2020-06-12 12:53:59','banktransfer',NULL),(132,'amount=20.00&appId=testingAgent&','testingAgent','2020-06-12 12:54:00','banktransfer',NULL),(133,'amount=20.00&appId=testingAgent&','testingAgent','2020-06-12 12:55:07','banktransfer',NULL),(134,'amount=20.00&appId=testingAgent&','testingAgent','2020-06-12 12:55:08','banktransfer',NULL),(135,'amount=20.00&appId=testingAgent&','testingAgent','2020-06-12 12:55:08','banktransfer',NULL),(136,'amount=20.00&appId=testingAgent&','testingAgent','2020-06-12 12:55:08','banktransfer',NULL),(137,'amount=20.00&appId=testingAgent&','testingAgent','2020-06-12 12:55:08','banktransfer',NULL),(138,'amount=20.00&appId=testingAgent&','testingAgent','2020-06-12 12:55:08','banktransfer',NULL),(139,'amount=20.00&appId=testingAgent&','testingAgent','2020-06-12 12:55:09','banktransfer',NULL),(140,'amount=20.00&appId=testingAgent&','testingAgent','2020-06-12 12:55:09','banktransfer',NULL),(141,'amount=20.00&appId=testingAgent&','testingAgent','2020-06-12 12:55:09','banktransfer',NULL),(142,'amount=20.00&appId=testingAgent&','testingAgent','2020-06-12 12:55:09','banktransfer',NULL),(143,'amount=20.00&appId=testingAgent&','testingAgent','2020-06-12 12:55:09','banktransfer',NULL),(144,'amount=20.00&appId=testingAgent&','testingAgent','2020-06-12 12:55:09','banktransfer',NULL),(145,'amount=20.00&appId=testingAgent&','testingAgent','2020-06-12 12:55:10','banktransfer',NULL),(146,'amount=20.00&appId=testingAgent&','testingAgent','2020-06-12 12:55:10','banktransfer',NULL),(147,'amount=20.00&appId=testingAgent&','testingAgent','2020-06-12 12:55:10','banktransfer',NULL),(148,'amount=20.00&appId=testingAgent&','testingAgent','2020-06-12 13:18:38','banktransfer',NULL),(149,'amount=20.00&appId=testingAgent&','testingAgent','2020-06-12 13:21:32','banktransfer',NULL),(150,'amount=20.00&appId=testingAgent&','testingAgent','2020-06-12 13:21:55','banktransfer',NULL),(151,'amount=20.00&appId=testingAgent&','testingAgent','2020-06-12 13:22:15','banktransfer',NULL),(152,'amount=20.00&appId=testingAgent&','testingAgent','2020-06-12 13:22:31','banktransfer',NULL),(153,'amount=20.00&appId=testingAgent&','testingAgent','2020-06-12 13:22:38','banktransfer',NULL),(154,'amount=20.00&appId=testingAgent&','testingAgent','2020-06-12 13:27:12','banktransfer',NULL),(155,'amount=20.00&appId=testingAgent&','testingAgent','2020-06-12 13:51:22','banktransfer',NULL),(156,'amount=20.00&appId=testingAgent&','testingAgent','2020-06-12 14:26:31','banktransfer',NULL),(157,'amount=20.00&appId=testingAgent&','testingAgent','2020-06-16 23:46:22','banktransfer',NULL),(158,'amount=20.00&appId=testingAgent&','testingAgent','2020-06-18 04:51:48','banktransfer',NULL),(159,'amount=20.00&appId=testingAgent&','testingAgent','2020-06-18 06:59:06','banktransfer',NULL),(160,'amount=20.00&appId=testingAgent&','testingAgent','2020-06-23 06:54:29','banktransfer',NULL),(161,'amount=20.00&appId=testingAgent&','testingAgent','2020-06-23 06:57:23','banktransfer',NULL),(162,'amount=20.00&appId=testingAgent&','testingAgent','2020-06-23 06:57:30','banktransfer',NULL),(163,'amount=20.00&appId=testingAgent&','testingAgent','2020-06-23 06:58:34','banktransfer',NULL),(164,'amount=20.00&appId=testingAgent&','testingAgent','2020-06-23 07:00:36','banktransfer',NULL),(165,'amount=20.00&appId=testingAgent&','testingAgent','2020-06-23 07:00:36','banktransfer',NULL),(166,'amount=20.00&appId=testingAgent&','testingAgent','2020-06-23 07:00:36','banktransfer',NULL),(167,'amount=20.00&appId=testingAgent&','testingAgent','2020-06-23 07:00:37','banktransfer',NULL),(168,'amount=20.00&appId=testingAgent&','testingAgent','2020-06-23 07:00:38','banktransfer',NULL),(169,'amount=20.00&appId=testingAgent&','testingAgent','2020-06-23 07:00:40','banktransfer',NULL),(170,'amount=20.00&appId=testingAgent&','testingAgent','2020-06-23 07:00:40','banktransfer',NULL),(171,'amount=20.00&appId=testingAgent&','testingAgent','2020-06-23 07:00:41','banktransfer',NULL),(172,'amount=20.00&appId=testingAgent&','testingAgent','2020-06-23 07:00:41','banktransfer',NULL),(173,'amount=20.00&appId=testingAgent&','testingAgent','2020-06-23 07:01:38','banktransfer',NULL),(174,'amount=20.00&appId=testingAgent&','testingAgent','2020-06-23 07:01:39','banktransfer',NULL),(175,'amount=20.00&appId=testingAgent&','testingAgent','2020-06-23 07:01:40','banktransfer',NULL),(176,'amount=20.00&appId=testingAgent&','testingAgent','2020-06-23 07:01:41','banktransfer',NULL),(177,'amount=20.00&appId=testingAgent&','testingAgent','2020-06-23 07:01:41','banktransfer',NULL),(178,'amount=20.00&appId=testingAgent&','testingAgent','2020-06-23 07:02:11','banktransfer',NULL),(179,'amount=20.00&appId=testingAgent&','testingAgent','2020-06-23 07:02:38','banktransfer',NULL),(180,'amount=20.00&appId=testingAgent&','testingAgent','2020-06-23 07:04:56','banktransfer',NULL),(181,'amount=20.00&appId=testingAgent&','testingAgent','2020-06-23 07:05:09','banktransfer',NULL),(182,'amount=20.00&appId=testingAgent&','testingAgent','2020-06-23 07:05:11','banktransfer',NULL),(183,'amount=20.00&appId=testingAgent&','testingAgent','2020-06-23 07:05:47','banktransfer',NULL),(184,'amount=20.00&appId=testingAgent&','testingAgent','2020-06-23 07:06:06','banktransfer',NULL),(185,'amount=20.00&appId=testingAgent&','testingAgent','2020-06-23 07:06:26','banktransfer',NULL),(186,'amount=20.00&appId=testingAgent&','testingAgent','2020-06-23 07:06:45','banktransfer',NULL),(187,'amount=20.00&appId=testingAgent&','testingAgent','2020-06-23 07:07:02','banktransfer',NULL),(188,'amount=20.00&appId=testingAgent&','testingAgent','2020-06-23 11:10:42','banktransfer',NULL),(189,'amount=20.00&appId=testingAgent&','testingAgent','2020-06-23 11:48:23','banktransfer',NULL),(190,'amount=20.00&appId=testingAgent&asyncNotifyUrl=M201-PO-32384702&bankCode=10.00&clientIp=20200623&orderId=M201-PO-32384702&','testingAgent','2020-06-23 12:00:53','banktransfer','M201-PO-32384702'),(191,'amount=20.00&appId=testingAgent&asyncNotifyUrl=M201-PO-32384703&bankCode=10.00&clientIp=20200623&orderId=M201-PO-32384703&','testingAgent','2020-06-23 12:01:16','banktransfer','M201-PO-32384703'),(192,'amount=10.00&appId=testingAgent&asyncNotifyUrl=M201-PO-32384712&bankCode=10.00&clientIp=20200623&orderId=M201-PO-32384712&','testingAgent','2020-06-23 12:06:49','banktransfer','M201-PO-32384712'),(193,'amount=10.00&appId=testingAgent&asyncNotifyUrl=M201-PO-32384760&bankCode=10.00&clientIp=20200623&orderId=M201PO32384760&','testingAgent','2020-06-23 13:40:31','banktransfer','M201PO32384760'),(194,'amount=10000.00&appId=testingAgent&asyncNotifyUrl=M201-PO-32385852&bankCode=10000.00&clientIp=20200624&orderId=M201PO32385852&','testingAgent','2020-06-24 17:31:37','banktransfer','M201PO32385852');
/*!40000 ALTER TABLE `tparameterslogs` ENABLE KEYS */;
UNLOCK TABLES;

--
-- Table structure for table `treturnvalues`
--

DROP TABLE IF EXISTS `treturnvalues`;
/*!40101 SET @saved_cs_client     = @@character_set_client */;
/*!50503 SET character_set_client = utf8mb4 */;
CREATE TABLE `treturnvalues` (
  `id` int NOT NULL AUTO_INCREMENT,
  `merchantorderid` varchar(405) DEFAULT NULL,
  `returnvalues` varchar(4500) DEFAULT NULL,
  `createddatetime` varchar(45) DEFAULT NULL,
  `createdby` varchar(45) DEFAULT NULL,
  `posturl` varchar(4500) DEFAULT NULL,
  PRIMARY KEY (`id`)
) ENGINE=InnoDB AUTO_INCREMENT=6 DEFAULT CHARSET=utf8mb4 COLLATE=utf8mb4_0900_ai_ci;
/*!40101 SET character_set_client = @saved_cs_client */;

--
-- Dumping data for table `treturnvalues`
--

LOCK TABLES `treturnvalues` WRITE;
/*!40000 ALTER TABLE `treturnvalues` DISABLE KEYS */;
INSERT INTO `treturnvalues` VALUES (1,'20200918035936','','2020-09-18 12:39:54','SMSnotify.php','http://203.223.135.107/p/notifyurl.php'),(2,'20200918044016','','2020-09-18 12:41:06','SMSnotify.php','http://203.223.135.107/pialipay/notifyurltest.php'),(3,'20200918044016','','2020-09-18 12:41:26','SMSnotify.php','http://203.223.135.107/pialipay/notifyurltest.php'),(4,'20200918044016','','2020-09-18 12:42:52','SMSnotify.php','http://203.223.135.107/pialipay/notifyurltest.php'),(5,'20200918044016','','2020-09-18 12:44:22','SMSnotify.php','http://203.223.135.107/pialipay/notifyurltest.php');
/*!40000 ALTER TABLE `treturnvalues` ENABLE KEYS */;
UNLOCK TABLES;

--
-- Table structure for table `tsmsmessage`
--

DROP TABLE IF EXISTS `tsmsmessage`;
/*!40101 SET @saved_cs_client     = @@character_set_client */;
/*!50503 SET character_set_client = utf8mb4 */;
CREATE TABLE `tsmsmessage` (
  `ID` int NOT NULL AUTO_INCREMENT,
  `smsfiltermessage` varchar(4000) DEFAULT NULL,
  `smsmessage` varchar(4000) DEFAULT NULL,
  `smsfromno` varchar(100) DEFAULT NULL,
  `createddatetime` varchar(100) DEFAULT NULL,
  `readflag` varchar(100) DEFAULT NULL,
  `ipaddress` varchar(100) DEFAULT NULL,
  `orderproceed` varchar(100) DEFAULT NULL,
  `portno` varchar(100) DEFAULT NULL,
  `phonenofrom` varchar(100) DEFAULT NULL,
  `doneproceed` varchar(100) DEFAULT NULL,
  PRIMARY KEY (`ID`)
) ENGINE=InnoDB AUTO_INCREMENT=164 DEFAULT CHARSET=utf8mb4 COLLATE=utf8mb4_0900_ai_ci;
/*!40101 SET character_set_client = @saved_cs_client */;

--
-- Dumping data for table `tsmsmessage`
--

LOCK TABLES `tsmsmessage` WRITE;
/*!40000 ALTER TABLE `tsmsmessage` DISABLE KEYS */;
INSERT INTO `tsmsmessage` VALUES (64,'您尾号3176的储蓄卡9月18日9时52分支付宝提现收入人民币2100.00元,活期余额10180.18元。[建设银行]','您尾号3176的储蓄卡9月18日9时52分支付宝提现收入人民币2100.00元,活期余额10180.18元。[建设银行]',NULL,'2020-09-18 11:33:23',NULL,'202.184.73.208',NULL,NULL,NULL,NULL),(65,'您尾号3176的储蓄卡9月18日9时52分支付宝提现收入人民币2100.00元,活期余额10180.18元。[建设银行]','您尾号3176的储蓄卡9月18日9时52分支付宝提现收入人民币2100.00元,活期余额10180.18元。[建设银行]',NULL,'2020-09-18 11:34:11',NULL,'202.184.73.208',NULL,NULL,NULL,NULL),(66,'您尾号3176的储蓄卡9月18日9时52分支付宝提现收入人民币2100.00元,活期余额10180.18元。[建设银行]','您尾号3176的储蓄卡9月18日9时52分支付宝提现收入人民币2100.00元,活期余额10180.18元。[建设银行]',NULL,'2020-09-18 11:34:12',NULL,'202.184.73.208',NULL,NULL,NULL,NULL),(67,'您尾号3176的储蓄卡9月18日9时52分支付宝提现收入人民币2100.00元,活期余额10180.18元。[建设银行]','您尾号3176的储蓄卡9月18日9时52分支付宝提现收入人民币2100.00元,活期余额10180.18元。[建设银行]',NULL,'2020-09-18 11:34:35',NULL,'202.184.73.208',NULL,NULL,NULL,NULL),(68,'您尾号3176的储蓄卡9月18日9时52分支付宝提现收入人民币2100.00元,活期余额10180.18元。[建设银行]','您尾号3176的储蓄卡9月18日9时52分支付宝提现收入人民币2100.00元,活期余额10180.18元。[建设银行]',NULL,'2020-09-18 11:34:45',NULL,'202.184.73.208',NULL,NULL,NULL,NULL),(69,'您尾号3176的储蓄卡9月18日9时52分支付宝提现收入人民币100.00元,活期余额10180.18元。[建设银行]','您尾号3176的储蓄卡9月18日9时52分支付宝提现收入人民币100.00元,活期余额10180.18元。[建设银行]',NULL,'2020-09-18 11:36:23',NULL,'202.184.73.208',NULL,NULL,NULL,NULL),(70,'您尾号3176的储蓄卡9月18日9时52分支付宝提现收入人民币100.00元,活期余额10180.18元。[建设银行]','您尾号3176的储蓄卡9月18日9时52分支付宝提现收入人民币100.00元,活期余额10180.18元。[建设银行]',NULL,'2020-09-18 11:52:05',NULL,'202.184.73.208',NULL,NULL,NULL,NULL),(71,'您尾号3176的储蓄卡9月18日9时52分支付宝提现收入人民币100.00元,活期余额10180.18元。[建设银行]','您尾号3176的储蓄卡9月18日9时52分支付宝提现收入人民币100.00元,活期余额10180.18元。[建设银行]',NULL,'2020-09-18 11:58:07',NULL,'202.184.73.208',NULL,NULL,NULL,NULL),(72,'您尾号3176的储蓄卡9月18日9时52分支付宝提现收入人民币100.00元,活期余额10180.18元。[建设银行]','您尾号3176的储蓄卡9月18日9时52分支付宝提现收入人民币100.00元,活期余额10180.18元。[建设银行]',NULL,'2020-09-18 11:58:58',NULL,'202.184.73.208',NULL,NULL,NULL,NULL),(73,'您尾号3176的储蓄卡9月18日9时52分支付宝提现收入人民币100.00元,活期余额10180.18元。[建设银行]','您尾号3176的储蓄卡9月18日9时52分支付宝提现收入人民币100.00元,活期余额10180.18元。[建设银行]',NULL,'2020-09-18 11:58:59',NULL,'202.184.73.208',NULL,NULL,NULL,NULL),(74,'您尾号3176的储蓄卡9月18日9时52分支付宝提现收入人民币100.00元,活期余额10180.18元。[建设银行]','您尾号3176的储蓄卡9月18日9时52分支付宝提现收入人民币100.00元,活期余额10180.18元。[建设银行]',NULL,'2020-09-18 11:59:28',NULL,'202.184.73.208',NULL,NULL,NULL,NULL),(75,'您尾号3176的储蓄卡9月18日9时52分支付宝提现收入人民币100.00元,活期余额10180.18元。[建设银行]','您尾号3176的储蓄卡9月18日9时52分支付宝提现收入人民币100.00元,活期余额10180.18元。[建设银行]',NULL,'2020-09-18 11:59:29',NULL,'202.184.73.208',NULL,NULL,NULL,NULL),(76,'您尾号3176的储蓄卡9月18日9时52分支付宝提现收入人民币100.00元,活期余额10180.18元。[建设银行]','您尾号3176的储蓄卡9月18日9时52分支付宝提现收入人民币100.00元,活期余额10180.18元。[建设银行]',NULL,'2020-09-18 11:59:35',NULL,'202.184.73.208',NULL,NULL,NULL,NULL),(77,'您尾号3176的储蓄卡9月18日9时52分支付宝提现收入人民币100.00元,活期余额10180.18元。[建设银行]','您尾号3176的储蓄卡9月18日9时52分支付宝提现收入人民币100.00元,活期余额10180.18元。[建设银行]',NULL,'2020-09-18 11:59:36',NULL,'202.184.73.208',NULL,NULL,NULL,NULL),(78,'您尾号3176的储蓄卡9月18日9时52分支付宝提现收入人民币100.00元,活期余额10180.18元。[建设银行]','您尾号3176的储蓄卡9月18日9时52分支付宝提现收入人民币100.00元,活期余额10180.18元。[建设银行]',NULL,'2020-09-18 11:59:36',NULL,'202.184.73.208',NULL,NULL,NULL,NULL),(79,'您尾号3176的储蓄卡9月18日9时52分支付宝提现收入人民币100.00元,活期余额10180.18元。[建设银行]','您尾号3176的储蓄卡9月18日9时52分支付宝提现收入人民币100.00元,活期余额10180.18元。[建设银行]',NULL,'2020-09-18 11:59:50',NULL,'202.184.73.208',NULL,NULL,NULL,NULL),(80,'您尾号3176的储蓄卡9月18日9时52分支付宝提现收入人民币100.00元,活期余额10180.18元。[建设银行]','您尾号3176的储蓄卡9月18日9时52分支付宝提现收入人民币100.00元,活期余额10180.18元。[建设银行]',NULL,'2020-09-18 11:59:51',NULL,'202.184.73.208',NULL,NULL,NULL,NULL),(81,'您尾号3176的储蓄卡9月18日9时52分支付宝提现收入人民币100.00元,活期余额10180.18元。[建设银行]','您尾号3176的储蓄卡9月18日9时52分支付宝提现收入人民币100.00元,活期余额10180.18元。[建设银行]',NULL,'2020-09-18 11:59:51',NULL,'202.184.73.208',NULL,NULL,NULL,NULL),(82,'您尾号3176的储蓄卡9月18日9时52分支付宝提现收入人民币100.00元,活期余额10180.18元。[建设银行]','您尾号3176的储蓄卡9月18日9时52分支付宝提现收入人民币100.00元,活期余额10180.18元。[建设银行]',NULL,'2020-09-18 12:00:12',NULL,'202.184.73.208',NULL,NULL,NULL,NULL),(83,'您尾号3176的储蓄卡9月18日9时52分支付宝提现收入人民币100.00元,活期余额10180.18元。[建设银行]','您尾号3176的储蓄卡9月18日9时52分支付宝提现收入人民币100.00元,活期余额10180.18元。[建设银行]',NULL,'2020-09-18 12:00:26',NULL,'202.184.73.208',NULL,NULL,NULL,NULL),(84,'您尾号3176的储蓄卡9月18日9时52分支付宝提现收入人民币100.00元,活期余额10180.18元。[建设银行]','您尾号3176的储蓄卡9月18日9时52分支付宝提现收入人民币100.00元,活期余额10180.18元。[建设银行]',NULL,'2020-09-18 12:01:44',NULL,'202.184.73.208',NULL,NULL,NULL,NULL),(85,'您尾号3176的储蓄卡9月18日9时52分支付宝提现收入人民币100.00元,活期余额10180.18元。[建设银行]','您尾号3176的储蓄卡9月18日9时52分支付宝提现收入人民币100.00元,活期余额10180.18元。[建设银行]',NULL,'2020-09-18 12:01:48',NULL,'202.184.73.208',NULL,NULL,NULL,NULL),(86,'您尾号3176的储蓄卡9月18日9时52分支付宝提现收入人民币100.00元,活期余额10180.18元。[建设银行]','您尾号3176的储蓄卡9月18日9时52分支付宝提现收入人民币100.00元,活期余额10180.18元。[建设银行]',NULL,'2020-09-18 12:03:04',NULL,'202.184.73.208',NULL,NULL,NULL,NULL),(87,'您尾号3176的储蓄卡9月18日9时52分支付宝提现收入人民币100.00元,活期余额10180.18元。[建设银行]','您尾号3176的储蓄卡9月18日9时52分支付宝提现收入人民币100.00元,活期余额10180.18元。[建设银行]',NULL,'2020-09-18 12:03:14',NULL,'202.184.73.208',NULL,NULL,NULL,NULL),(88,'您尾号3176的储蓄卡9月18日9时52分支付宝提现收入人民币100.00元,活期余额10180.18元。[建设银行]','您尾号3176的储蓄卡9月18日9时52分支付宝提现收入人民币100.00元,活期余额10180.18元。[建设银行]',NULL,'2020-09-18 12:03:15',NULL,'202.184.73.208',NULL,NULL,NULL,NULL),(89,'您尾号3176的储蓄卡9月18日9时52分支付宝提现收入人民币100.00元,活期余额10180.18元。[建设银行]','您尾号3176的储蓄卡9月18日9时52分支付宝提现收入人民币100.00元,活期余额10180.18元。[建设银行]',NULL,'2020-09-18 12:03:15',NULL,'202.184.73.208',NULL,NULL,NULL,NULL),(90,'您尾号3176的储蓄卡9月18日9时52分支付宝提现收入人民币100.00元,活期余额10180.18元。[建设银行]','您尾号3176的储蓄卡9月18日9时52分支付宝提现收入人民币100.00元,活期余额10180.18元。[建设银行]',NULL,'2020-09-18 12:03:23',NULL,'202.184.73.208',NULL,NULL,NULL,NULL),(91,'您尾号3176的储蓄卡9月18日9时52分支付宝提现收入人民币100.00元,活期余额10180.18元。[建设银行]','您尾号3176的储蓄卡9月18日9时52分支付宝提现收入人民币100.00元,活期余额10180.18元。[建设银行]',NULL,'2020-09-18 12:03:30',NULL,'202.184.73.208',NULL,NULL,NULL,NULL),(92,'您尾号3176的储蓄卡9月18日9时52分支付宝提现收入人民币100.00元,活期余额10180.18元。[建设银行]','您尾号3176的储蓄卡9月18日9时52分支付宝提现收入人民币100.00元,活期余额10180.18元。[建设银行]',NULL,'2020-09-18 12:05:05',NULL,'202.184.73.208',NULL,NULL,NULL,NULL),(93,'您尾号3176的储蓄卡9月18日9时52分支付宝提现收入人民币100.00元,活期余额10180.18元。[建设银行]','您尾号3176的储蓄卡9月18日9时52分支付宝提现收入人民币100.00元,活期余额10180.18元。[建设银行]',NULL,'2020-09-18 12:05:05',NULL,'202.184.73.208',NULL,NULL,NULL,NULL),(94,'您尾号3176的储蓄卡9月18日9时52分支付宝提现收入人民币100.00元,活期余额10180.18元。[建设银行]','您尾号3176的储蓄卡9月18日9时52分支付宝提现收入人民币100.00元,活期余额10180.18元。[建设银行]',NULL,'2020-09-18 12:06:15',NULL,'202.184.73.208',NULL,NULL,NULL,NULL),(95,'您尾号3176的储蓄卡9月18日9时52分支付宝提现收入人民币100.00元,活期余额10180.18元。[建设银行]','您尾号3176的储蓄卡9月18日9时52分支付宝提现收入人民币100.00元,活期余额10180.18元。[建设银行]',NULL,'2020-09-18 12:06:16',NULL,'202.184.73.208',NULL,NULL,NULL,NULL),(96,'您尾号3176的储蓄卡9月18日9时52分支付宝提现收入人民币100.00元,活期余额10180.18元。[建设银行]','您尾号3176的储蓄卡9月18日9时52分支付宝提现收入人民币100.00元,活期余额10180.18元。[建设银行]',NULL,'2020-09-18 12:06:16',NULL,'202.184.73.208',NULL,NULL,NULL,NULL),(97,'您尾号3176的储蓄卡9月18日9时52分支付宝提现收入人民币100.00元,活期余额10180.18元。[建设银行]','您尾号3176的储蓄卡9月18日9时52分支付宝提现收入人民币100.00元,活期余额10180.18元。[建设银行]',NULL,'2020-09-18 12:06:29',NULL,'202.184.73.208',NULL,NULL,NULL,NULL),(98,'您尾号3176的储蓄卡9月18日9时52分支付宝提现收入人民币100.00元,活期余额10180.18元。[建设银行]','您尾号3176的储蓄卡9月18日9时52分支付宝提现收入人民币100.00元,活期余额10180.18元。[建设银行]',NULL,'2020-09-18 12:06:44',NULL,'202.184.73.208',NULL,NULL,NULL,NULL),(99,'您尾号3176的储蓄卡9月18日9时52分支付宝提现收入人民币100.00元,活期余额10180.18元。[建设银行]','您尾号3176的储蓄卡9月18日9时52分支付宝提现收入人民币100.00元,活期余额10180.18元。[建设银行]',NULL,'2020-09-18 12:06:44',NULL,'202.184.73.208',NULL,NULL,NULL,NULL),(100,'您尾号3176的储蓄卡9月18日9时52分支付宝提现收入人民币100.00元,活期余额10180.18元。[建设银行]','您尾号3176的储蓄卡9月18日9时52分支付宝提现收入人民币100.00元,活期余额10180.18元。[建设银行]',NULL,'2020-09-18 12:06:53',NULL,'202.184.73.208',NULL,NULL,NULL,NULL),(101,'您尾号3176的储蓄卡9月18日9时52分支付宝提现收入人民币100.00元,活期余额10180.18元。[建设银行]','您尾号3176的储蓄卡9月18日9时52分支付宝提现收入人民币100.00元,活期余额10180.18元。[建设银行]',NULL,'2020-09-18 12:07:41',NULL,'202.184.73.208',NULL,NULL,NULL,NULL),(102,'您尾号3176的储蓄卡9月18日9时52分支付宝提现收入人民币100.00元,活期余额10180.18元。[建设银行]','您尾号3176的储蓄卡9月18日9时52分支付宝提现收入人民币100.00元,活期余额10180.18元。[建设银行]',NULL,'2020-09-18 12:15:42',NULL,'202.184.73.208',NULL,NULL,NULL,NULL),(103,'您尾号3176的储蓄卡9月18日9时52分支付宝提现收入人民币100.00元,活期余额10180.18元。[建设银行]','您尾号3176的储蓄卡9月18日9时52分支付宝提现收入人民币100.00元,活期余额10180.18元。[建设银行]',NULL,'2020-09-18 12:15:42',NULL,'202.184.73.208',NULL,NULL,NULL,NULL),(104,'您尾号3176的储蓄卡9月18日9时52分支付宝提现收入人民币100.00元,活期余额10180.18元。[建设银行]','您尾号3176的储蓄卡9月18日9时52分支付宝提现收入人民币100.00元,活期余额10180.18元。[建设银行]',NULL,'2020-09-18 12:15:43',NULL,'202.184.73.208',NULL,NULL,NULL,NULL),(105,'您尾号3176的储蓄卡9月18日9时52分支付宝提现收入人民币100.00元,活期余额10180.18元。[建设银行]','您尾号3176的储蓄卡9月18日9时52分支付宝提现收入人民币100.00元,活期余额10180.18元。[建设银行]',NULL,'2020-09-18 12:17:50',NULL,'202.184.73.208',NULL,NULL,NULL,NULL),(106,'您尾号3176的储蓄卡9月18日9时52分支付宝提现收入人民币100.00元,活期余额10180.18元。[建设银行]','您尾号3176的储蓄卡9月18日9时52分支付宝提现收入人民币100.00元,活期余额10180.18元。[建设银行]',NULL,'2020-09-18 12:18:11',NULL,'202.184.73.208',NULL,NULL,NULL,NULL),(107,'您尾号3176的储蓄卡9月18日9时52分支付宝提现收入人民币100.00元,活期余额10180.18元。[建设银行]','您尾号3176的储蓄卡9月18日9时52分支付宝提现收入人民币100.00元,活期余额10180.18元。[建设银行]',NULL,'2020-09-18 12:20:15',NULL,'202.184.73.208',NULL,NULL,NULL,NULL),(108,'您尾号3176的储蓄卡9月18日9时52分支付宝提现收入人民币100.00元,活期余额10180.18元。[建设银行]','您尾号3176的储蓄卡9月18日9时52分支付宝提现收入人民币100.00元,活期余额10180.18元。[建设银行]',NULL,'2020-09-18 12:20:21',NULL,'202.184.73.208',NULL,NULL,NULL,NULL),(109,'您尾号3176的储蓄卡9月18日9时52分支付宝提现收入人民币100.00元,活期余额10180.18元。[建设银行]','您尾号3176的储蓄卡9月18日9时52分支付宝提现收入人民币100.00元,活期余额10180.18元。[建设银行]',NULL,'2020-09-18 12:20:27',NULL,'202.184.73.208',NULL,NULL,NULL,NULL),(110,'您尾号3176的储蓄卡9月18日9时52分支付宝提现收入人民币100.00元,活期余额10180.18元。[建设银行]','您尾号3176的储蓄卡9月18日9时52分支付宝提现收入人民币100.00元,活期余额10180.18元。[建设银行]',NULL,'2020-09-18 12:21:04',NULL,'202.184.73.208',NULL,NULL,NULL,NULL),(111,'您尾号3176的储蓄卡9月18日9时52分支付宝提现收入人民币100.00元,活期余额10180.18元。[建设银行]','您尾号3176的储蓄卡9月18日9时52分支付宝提现收入人民币100.00元,活期余额10180.18元。[建设银行]',NULL,'2020-09-18 12:21:12',NULL,'202.184.73.208',NULL,NULL,NULL,NULL),(112,'您尾号3176的储蓄卡9月18日9时52分支付宝提现收入人民币100.00元,活期余额10180.18元。[建设银行]','您尾号3176的储蓄卡9月18日9时52分支付宝提现收入人民币100.00元,活期余额10180.18元。[建设银行]',NULL,'2020-09-18 12:21:18',NULL,'202.184.73.208',NULL,NULL,NULL,NULL),(113,'您尾号3176的储蓄卡9月18日9时52分支付宝提现收入人民币100.00元,活期余额10180.18元。[建设银行]','您尾号3176的储蓄卡9月18日9时52分支付宝提现收入人民币100.00元,活期余额10180.18元。[建设银行]',NULL,'2020-09-18 12:39:54',NULL,'202.184.73.208',NULL,NULL,NULL,NULL),(114,'您尾号3176的储蓄卡9月18日9时52分支付宝提现收入人民币100.00元,活期余额10180.18元。[建设银行]','您尾号3176的储蓄卡9月18日9时52分支付宝提现收入人民币100.00元,活期余额10180.18元。[建设银行]',NULL,'2020-09-18 12:41:06',NULL,'202.184.73.208',NULL,NULL,NULL,NULL),(115,'您尾号3176的储蓄卡9月18日9时52分支付宝提现收入人民币100.00元,活期余额10180.18元。[建设银行]','您尾号3176的储蓄卡9月18日9时52分支付宝提现收入人民币100.00元,活期余额10180.18元。[建设银行]',NULL,'2020-09-18 12:41:26',NULL,'202.184.73.208',NULL,NULL,NULL,NULL),(116,'您尾号3176的储蓄卡9月18日9时52分支付宝提现收入人民币100.00元,活期余额10180.18元。[建设银行]','您尾号3176的储蓄卡9月18日9时52分支付宝提现收入人民币100.00元,活期余额10180.18元。[建设银行]',NULL,'2020-09-18 12:42:52',NULL,'202.184.73.208',NULL,NULL,NULL,NULL),(117,'您尾号3176的储蓄卡9月18日9时52分支付宝提现收入人民币100.00元,活期余额10180.18元。[建设银行]','您尾号3176的储蓄卡9月18日9时52分支付宝提现收入人民币100.00元,活期余额10180.18元。[建设银行]',NULL,'2020-09-18 12:44:22',NULL,'202.184.73.208',NULL,NULL,NULL,NULL),(118,'您尾号3176的储蓄卡9月18日9时52分支付宝提现收入人民币100.00元,活期余额10180.18元。[建设银行]','您尾号3176的储蓄卡9月18日9时52分支付宝提现收入人民币100.00元,活期余额10180.18元。[建设银行]',NULL,'2020-09-18 12:46:36',NULL,'202.184.73.208',NULL,NULL,NULL,NULL),(119,'您尾号3176的储蓄卡9月18日9时52分支付宝提现收入人民币100.00元,活期余额10180.18元。[建设银行]','您尾号3176的储蓄卡9月18日9时52分支付宝提现收入人民币100.00元,活期余额10180.18元。[建设银行]',NULL,'2020-09-18 12:47:34',NULL,'202.184.73.208',NULL,NULL,NULL,NULL),(120,'您尾号3176的储蓄卡9月18日9时52分支付宝提现收入人民币100.00元,活期余额10180.18元。[建设银行]','您尾号3176的储蓄卡9月18日9时52分支付宝提现收入人民币100.00元,活期余额10180.18元。[建设银行]',NULL,'2020-09-18 12:48:31',NULL,'202.184.73.208',NULL,NULL,NULL,NULL),(121,'您尾号3176的储蓄卡9月18日9时52分支付宝提现收入人民币100.00元,活期余额10180.18元。[建设银行]','您尾号3176的储蓄卡9月18日9时52分支付宝提现收入人民币100.00元,活期余额10180.18元。[建设银行]',NULL,'2020-09-18 12:49:19',NULL,'202.184.73.208',NULL,NULL,NULL,NULL),(122,'您尾号3176的储蓄卡9月18日9时52分支付宝提现收入人民币100.00元,活期余额10180.18元。[建设银行]','您尾号3176的储蓄卡9月18日9时52分支付宝提现收入人民币100.00元,活期余额10180.18元。[建设银行]',NULL,'2020-09-18 12:57:58',NULL,'202.184.73.208',NULL,NULL,NULL,NULL),(123,'您尾号3176的储蓄卡9月18日9时52分支付宝提现收入人民币100.00元,活期余额10180.18元。[建设银行]','您尾号3176的储蓄卡9月18日9时52分支付宝提现收入人民币100.00元,活期余额10180.18元。[建设银行]',NULL,'2020-09-18 12:58:09',NULL,'202.184.73.208',NULL,NULL,NULL,NULL),(124,'您尾号3176的储蓄卡9月18日9时52分支付宝提现收入人民币100.00元,活期余额10180.18元。[建设银行]','您尾号3176的储蓄卡9月18日9时52分支付宝提现收入人民币100.00元,活期余额10180.18元。[建设银行]',NULL,'2020-09-18 12:58:09',NULL,'202.184.73.208',NULL,NULL,NULL,NULL),(125,'您尾号3176的储蓄卡9月18日9时52分支付宝提现收入人民币100.00元,活期余额10180.18元。[建设银行]','您尾号3176的储蓄卡9月18日9时52分支付宝提现收入人民币100.00元,活期余额10180.18元。[建设银行]',NULL,'2020-09-18 12:58:53',NULL,'202.184.73.208',NULL,NULL,NULL,NULL),(126,'您尾号3176的储蓄卡9月18日9时52分支付宝提现收入人民币100.00元,活期余额10180.18元。[建设银行]','您尾号3176的储蓄卡9月18日9时52分支付宝提现收入人民币100.00元,活期余额10180.18元。[建设银行]',NULL,'2020-09-18 13:06:46',NULL,'202.184.73.208',NULL,NULL,NULL,NULL),(127,'您尾号3176的储蓄卡9月18日9时52分支付宝提现收入人民币100.00元,活期余额10180.18元。[建设银行]','您尾号3176的储蓄卡9月18日9时52分支付宝提现收入人民币100.00元,活期余额10180.18元。[建设银行]',NULL,'2020-09-18 13:07:07',NULL,'202.184.73.208',NULL,NULL,NULL,NULL),(128,'您尾号3176的储蓄卡9月18日9时52分支付宝提现收入人民币100.00元,活期余额10180.18元。[建设银行]','您尾号3176的储蓄卡9月18日9时52分支付宝提现收入人民币100.00元,活期余额10180.18元。[建设银行]',NULL,'2020-09-18 13:07:52',NULL,'202.184.73.208',NULL,NULL,NULL,NULL),(129,'您尾号3176的储蓄卡9月18日9时52分支付宝提现收入人民币100.00元,活期余额10180.18元。[建设银行]','您尾号3176的储蓄卡9月18日9时52分支付宝提现收入人民币100.00元,活期余额10180.18元。[建设银行]',NULL,'2020-09-18 13:07:58',NULL,'202.184.73.208',NULL,NULL,NULL,NULL),(130,'您尾号3176的储蓄卡9月18日9时52分支付宝提现收入人民币100.00元,活期余额10180.18元。[建设银行]','您尾号3176的储蓄卡9月18日9时52分支付宝提现收入人民币100.00元,活期余额10180.18元。[建设银行]',NULL,'2020-09-18 13:08:17',NULL,'202.184.73.208',NULL,NULL,NULL,NULL),(131,'您尾号3176的储蓄卡9月18日9时52分支付宝提现收入人民币100.00元,活期余额10180.18元。[建设银行]','您尾号3176的储蓄卡9月18日9时52分支付宝提现收入人民币100.00元,活期余额10180.18元。[建设银行]',NULL,'2020-09-18 13:08:32',NULL,'202.184.73.208',NULL,NULL,NULL,NULL),(132,'您尾号3176的储蓄卡9月18日9时52分支付宝提现收入人民币100.00元,活期余额10180.18元。[建设银行]','您尾号3176的储蓄卡9月18日9时52分支付宝提现收入人民币100.00元,活期余额10180.18元。[建设银行]',NULL,'2020-09-18 13:14:01',NULL,'202.184.73.208',NULL,NULL,NULL,NULL),(133,'您尾号3176的储蓄卡9月18日9时52分支付宝提现收入人民币100.00元,活期余额10180.18元。[建设银行]','您尾号3176的储蓄卡9月18日9时52分支付宝提现收入人民币100.00元,活期余额10180.18元。[建设银行]',NULL,'2020-09-18 13:15:32',NULL,'202.184.73.208',NULL,NULL,NULL,NULL),(134,'您尾号3176的储蓄卡9月18日9时52分支付宝提现收入人民币100.00元,活期余额10180.18元。[建设银行]','您尾号3176的储蓄卡9月18日9时52分支付宝提现收入人民币100.00元,活期余额10180.18元。[建设银行]',NULL,'2020-09-18 13:15:38',NULL,'202.184.73.208',NULL,NULL,NULL,NULL),(135,'您尾号3176的储蓄卡9月18日9时52分支付宝提现收入人民币100.00元,活期余额10180.18元。[建设银行]','您尾号3176的储蓄卡9月18日9时52分支付宝提现收入人民币100.00元,活期余额10180.18元。[建设银行]',NULL,'2020-09-18 13:16:12',NULL,'202.184.73.208',NULL,NULL,NULL,NULL),(136,'您尾号3176的储蓄卡9月18日9时52分支付宝提现收入人民币100.00元,活期余额10180.18元。[建设银行]','您尾号3176的储蓄卡9月18日9时52分支付宝提现收入人民币100.00元,活期余额10180.18元。[建设银行]',NULL,'2020-09-18 13:16:46',NULL,'202.184.73.208',NULL,NULL,NULL,NULL),(137,'您尾号3176的储蓄卡9月18日9时52分支付宝提现收入人民币100.00元,活期余额10180.18元。[建设银行]','您尾号3176的储蓄卡9月18日9时52分支付宝提现收入人民币100.00元,活期余额10180.18元。[建设银行]',NULL,'2020-09-18 14:23:14',NULL,'202.184.73.208',NULL,NULL,NULL,NULL),(138,'您尾号3176的储蓄卡9月18日9时52分支付宝提现收入人民币100.00元,活期余额10180.18元。[建设银行]','您尾号3176的储蓄卡9月18日9时52分支付宝提现收入人民币100.00元,活期余额10180.18元。[建设银行]',NULL,'2020-09-18 14:23:47',NULL,'202.184.73.208',NULL,NULL,NULL,NULL),(139,'您尾号3176的储蓄卡9月18日9时52分支付宝提现收入人民币100.00元,活期余额10180.18元。[建设银行]','您尾号3176的储蓄卡9月18日9时52分支付宝提现收入人民币100.00元,活期余额10180.18元。[建设银行]',NULL,'2020-09-18 14:24:10',NULL,'202.184.73.208',NULL,NULL,NULL,NULL),(140,'您尾号3176的储蓄卡9月18日9时52分支付宝提现收入人民币100.00元,活期余额10180.18元。[建设银行]','您尾号3176的储蓄卡9月18日9时52分支付宝提现收入人民币100.00元,活期余额10180.18元。[建设银行]',NULL,'2020-09-18 14:25:12',NULL,'202.184.73.208',NULL,NULL,NULL,NULL),(141,'您尾号3176的储蓄卡9月18日9时52分支付宝提现收入人民币100.00元,活期余额10180.18元。[建设银行]','您尾号3176的储蓄卡9月18日9时52分支付宝提现收入人民币100.00元,活期余额10180.18元。[建设银行]',NULL,'2020-09-18 14:25:40',NULL,'202.184.73.208',NULL,NULL,NULL,NULL),(142,'您尾号3176的储蓄卡9月18日9时52分支付宝提现收入人民币100.00元,活期余额10180.18元。[建设银行]','您尾号3176的储蓄卡9月18日9时52分支付宝提现收入人民币100.00元,活期余额10180.18元。[建设银行]',NULL,'2020-09-18 14:26:28',NULL,'202.184.73.208',NULL,NULL,NULL,NULL),(143,'您尾号3176的储蓄卡9月18日9时52分支付宝提现收入人民币100.00元,活期余额10180.18元。[建设银行]','您尾号3176的储蓄卡9月18日9时52分支付宝提现收入人民币100.00元,活期余额10180.18元。[建设银行]',NULL,'2020-09-18 14:26:58',NULL,'202.184.73.208',NULL,NULL,NULL,NULL),(144,'您尾号3176的储蓄卡9月18日9时52分支付宝提现收入人民币100.00元,活期余额10180.18元。[建设银行]','您尾号3176的储蓄卡9月18日9时52分支付宝提现收入人民币100.00元,活期余额10180.18元。[建设银行]',NULL,'2020-09-18 14:27:04',NULL,'202.184.73.208',NULL,NULL,NULL,NULL),(145,'您尾号3176的储蓄卡9月18日9时52分支付宝提现收入人民币100.00元,活期余额10180.18元。[建设银行]','您尾号3176的储蓄卡9月18日9时52分支付宝提现收入人民币100.00元,活期余额10180.18元。[建设银行]',NULL,'2020-09-18 14:27:10',NULL,'202.184.73.208',NULL,NULL,NULL,NULL),(146,'您尾号3176的储蓄卡9月18日9时52分支付宝提现收入人民币100.00元,活期余额10180.18元。[建设银行]','您尾号3176的储蓄卡9月18日9时52分支付宝提现收入人民币100.00元,活期余额10180.18元。[建设银行]',NULL,'2020-09-18 14:27:16',NULL,'202.184.73.208',NULL,NULL,NULL,NULL),(147,'您尾号3176的储蓄卡9月18日9时52分支付宝提现收入人民币100.00元,活期余额10180.18元。[建设银行]','您尾号3176的储蓄卡9月18日9时52分支付宝提现收入人民币100.00元,活期余额10180.18元。[建设银行]',NULL,'2020-09-18 14:27:30',NULL,'202.184.73.208',NULL,NULL,NULL,NULL),(148,'您尾号3176的储蓄卡9月18日9时52分支付宝提现收入人民币100.00元,活期余额10180.18元。[建设银行]','您尾号3176的储蓄卡9月18日9时52分支付宝提现收入人民币100.00元,活期余额10180.18元。[建设银行]',NULL,'2020-09-18 14:27:30',NULL,'202.184.73.208',NULL,NULL,NULL,NULL),(149,'您尾号3176的储蓄卡9月18日9时52分支付宝提现收入人民币100.00元,活期余额10180.18元。[建设银行]','您尾号3176的储蓄卡9月18日9时52分支付宝提现收入人民币100.00元,活期余额10180.18元。[建设银行]',NULL,'2020-09-18 14:27:35',NULL,'202.184.73.208',NULL,NULL,NULL,NULL),(150,'您尾号3176的储蓄卡9月18日9时52分支付宝提现收入人民币100.00元,活期余额10180.18元。[建设银行]','您尾号3176的储蓄卡9月18日9时52分支付宝提现收入人民币100.00元,活期余额10180.18元。[建设银行]',NULL,'2020-09-18 14:28:05',NULL,'202.184.73.208',NULL,NULL,NULL,NULL),(151,'您尾号3176的储蓄卡9月18日9时52分支付宝提现收入人民币100.00元,活期余额10180.18元。[建设银行]','您尾号3176的储蓄卡9月18日9时52分支付宝提现收入人民币100.00元,活期余额10180.18元。[建设银行]',NULL,'2020-09-18 14:28:06',NULL,'202.184.73.208',NULL,NULL,NULL,NULL),(152,'您尾号3176的储蓄卡9月18日9时52分支付宝提现收入人民币100.00元,活期余额10180.18元。[建设银行]','您尾号3176的储蓄卡9月18日9时52分支付宝提现收入人民币100.00元,活期余额10180.18元。[建设银行]',NULL,'2020-09-18 14:28:12',NULL,'202.184.73.208',NULL,NULL,NULL,NULL),(153,'您尾号3176的储蓄卡9月18日9时52分支付宝提现收入人民币100.00元,活期余额10180.18元。[建设银行]','您尾号3176的储蓄卡9月18日9时52分支付宝提现收入人民币100.00元,活期余额10180.18元。[建设银行]',NULL,'2020-09-18 14:28:24',NULL,'202.184.73.208',NULL,NULL,NULL,NULL),(154,'您尾号3176的储蓄卡9月18日9时52分支付宝提现收入人民币100.00元,活期余额10180.18元。[建设银行]','您尾号3176的储蓄卡9月18日9时52分支付宝提现收入人民币100.00元,活期余额10180.18元。[建设银行]',NULL,'2020-09-18 14:28:51',NULL,'202.184.73.208',NULL,NULL,NULL,NULL),(155,'您尾号3176的储蓄卡9月18日9时52分支付宝提现收入人民币100.00元,活期余额10180.18元。[建设银行]','您尾号3176的储蓄卡9月18日9时52分支付宝提现收入人民币100.00元,活期余额10180.18元。[建设银行]',NULL,'2020-09-18 20:23:04',NULL,'202.187.179.92',NULL,NULL,NULL,NULL),(156,'您尾号3176的储蓄卡9月18日9时52分支付宝提现收入人人民币100.00元,活期余额10180.18元。[建设银行]','您尾号3176的储蓄卡9月18日9时52分支付宝提现收入人人民币100.00元,活期余额10180.18元。[建设银行]',NULL,'2020-09-18 20:23:14',NULL,'202.187.179.92',NULL,NULL,NULL,NULL),(157,'您尾号3176的储蓄卡9月18日9时52分支付宝提现收入人人民币100.00元,活期余额10180.18元。[建设银行]','您尾号3176的储蓄卡9月18日9时52分支付宝提现收入人人民币100.00元,活期余额10180.18元。[建设银行]',NULL,'2020-09-18 20:23:14',NULL,'202.187.179.92',NULL,NULL,NULL,NULL),(158,'您尾号3176的储蓄卡9月18日9时52分支付宝提现收入人人民币100.00元,活期余额10180.18元。[建设银行]','您尾号3176的储蓄卡9月18日9时52分支付宝提现收入人人民币100.00元,活期余额10180.18元。[建设银行]',NULL,'2020-09-18 20:23:15',NULL,'202.187.179.92',NULL,NULL,NULL,NULL),(159,'您尾号3176的储蓄卡9月18日9时52分支付宝提现收入人人民币100.00元,活期余额10180.18元。[建设银行]','您尾号3176的储蓄卡9月18日9时52分支付宝提现收入人人民币100.00元,活期余额10180.18元。[建设银行]',NULL,'2020-09-18 20:23:15',NULL,'202.187.179.92',NULL,NULL,NULL,NULL),(160,'您尾号3176的储蓄卡9月18日9时52分支付宝提现收入人人民币100.00元,活期余额10180.18元。[建设银行]','您尾号3176的储蓄卡9月18日9时52分支付宝提现收入人人民币100.00元,活期余额10180.18元。[建设银行]',NULL,'2020-09-18 20:23:15',NULL,'202.187.179.92',NULL,NULL,NULL,NULL),(161,'您尾号3176的储蓄卡9月18日9时52分支付宝提现收入人人民币100.00元,活期余额10180.18元。[建设银行]','您尾号3176的储蓄卡9月18日9时52分支付宝提现收入人人民币100.00元,活期余额10180.18元。[建设银行]',NULL,'2020-09-18 20:23:19',NULL,'202.187.179.92',NULL,NULL,NULL,NULL),(162,'您尾号3176的储蓄卡9月18日9时52分支付宝提现收入人民币100.00元,活期余额10180.18元。[建设银行]','您尾号3176的储蓄卡9月18日9时52分支付宝提现收入人民币100.00元,活期余额10180.18元。[建设银行]',NULL,'2020-09-18 20:23:22',NULL,'202.187.179.92',NULL,NULL,NULL,NULL),(163,'您尾号3176的储蓄卡9月18日9时52分支付宝提现收入民币100.00元,活期余额10180.18元。[建设银行]','您尾号3176的储蓄卡9月18日9时52分支付宝提现收入民币100.00元,活期余额10180.18元。[建设银行]',NULL,'2020-09-18 20:23:26',NULL,'202.187.179.92',NULL,NULL,NULL,NULL);
/*!40000 ALTER TABLE `tsmsmessage` ENABLE KEYS */;
UNLOCK TABLES;

--
-- Table structure for table `ttransactionauditlog`
--

DROP TABLE IF EXISTS `ttransactionauditlog`;
/*!40101 SET @saved_cs_client     = @@character_set_client */;
/*!50503 SET character_set_client = utf8mb4 */;
CREATE TABLE `ttransactionauditlog` (
  `ID` int NOT NULL AUTO_INCREMENT,
  `statusreturn` varchar(4500) DEFAULT NULL,
  `poremid` varchar(159) DEFAULT NULL,
  `fromip` varchar(150) DEFAULT NULL,
  `createdby` varchar(150) DEFAULT NULL,
  `createddatetime` varchar(150) DEFAULT NULL,
  `gatewayname` varchar(150) DEFAULT NULL,
  PRIMARY KEY (`ID`)
) ENGINE=InnoDB AUTO_INCREMENT=314 DEFAULT CHARSET=utf8mb4 COLLATE=utf8mb4_0900_ai_ci;
/*!40101 SET character_set_client = @saved_cs_client */;

--
-- Dumping data for table `ttransactionauditlog`
--

LOCK TABLES `ttransactionauditlog` WRITE;
/*!40000 ALTER TABLE `ttransactionauditlog` DISABLE KEYS */;
INSERT INTO `ttransactionauditlog` VALUES (78,NULL,NULL,'202.184.73.208','transaction','2020-09-17 10:03:37',NULL),(79,NULL,NULL,'202.184.73.208','transaction','2020-09-17 10:03:49',NULL),(80,NULL,NULL,'202.184.73.208','transaction','2020-09-17 10:04:38',NULL),(81,NULL,NULL,'202.184.73.208','transaction','2020-09-17 10:04:39',NULL),(82,NULL,NULL,'202.184.73.208','transaction','2020-09-17 10:04:55',NULL),(83,NULL,NULL,'202.184.73.208','transaction','2020-09-17 10:05:09',NULL),(84,NULL,NULL,'202.184.73.208','transaction','2020-09-17 10:05:38',NULL),(85,NULL,NULL,'202.184.73.208','transaction','2020-09-17 10:06:16',NULL),(86,NULL,NULL,'202.184.73.208','transaction','2020-09-17 10:09:26',NULL),(87,NULL,NULL,'202.184.73.208','transaction','2020-09-17 10:09:52',NULL),(88,NULL,NULL,'202.184.73.208','transaction','2020-09-17 10:09:52',NULL),(89,NULL,NULL,'202.184.73.208','transaction','2020-09-17 10:10:21',NULL),(90,NULL,NULL,'202.184.73.208','transaction','2020-09-17 10:20:24',NULL),(91,NULL,NULL,'202.184.73.208','transaction','2020-09-17 10:31:12',NULL),(92,NULL,NULL,'202.184.73.208','transaction','2020-09-17 10:37:51',NULL),(93,NULL,NULL,'202.184.73.208','transaction','2020-09-17 10:38:09',NULL),(94,'&orderId=20200917023823&amount=10000&payChannel=ALP&goodsName=cloth&goodsDesc=cloth&clientIp=127.0.0.1&asyncNotifyUrl=http://203.223.135.107/p/notifyurl.php&tradeType=H5&appId=samo&version=1.0&nonceStr=20200917023823&sign=96D6D193F2464D8E0D98D7F4FF1C9BDE','20200917023823','203.223.135.108','transaction','2020-09-17 10:38:21',NULL),(95,'&orderId=20200917023858&amount=10000&payChannel=ALP&goodsName=cloth&goodsDesc=cloth&clientIp=127.0.0.1&asyncNotifyUrl=http://203.223.135.107/p/notifyurl.php&tradeType=H5&appId=samo&version=1.0&nonceStr=20200917023858&sign=F7162AD83847FA76E84E87FFC126C84E','20200917023858','203.223.135.108','transaction','2020-09-17 10:38:56',NULL),(96,'&payChannel=ALP&orderId=20200917031541&amount=10000&goodsName=cloth&goodsDesc=cloth&clientIp=127.0.0.1&asyncNotifyUrl=http://203.223.135.107/p/notifyurl.php&tradeType=H5&appId=samo&version=1.0&nonceStr=20200917031541&sign=987BECB125F016CDC7E177D132C46E0D','20200917031541','202.184.73.208','transaction','2020-09-17 11:15:40',NULL),(97,'&payChannel=ALP&orderId=20200917031552&amount=10000&goodsName=cloth&goodsDesc=cloth&clientIp=127.0.0.1&asyncNotifyUrl=http://203.223.135.107/p/notifyurl.php&tradeType=H5&appId=samo&version=1.0&nonceStr=20200917031552&sign=2A4BFF38988C88D0FC00C04C53004EFB','20200917031552','202.184.73.208','transaction','2020-09-17 11:15:52',NULL),(98,'&payChannel=ALP&orderId=20200917032840&amount=10000&goodsName=cloth&goodsDesc=cloth&clientIp=127.0.0.1&asyncNotifyUrl=http://203.223.135.107/p/notifyurl.php&tradeType=H5&appId=samo&version=1.0&nonceStr=20200917032840&sign=AA76FA76ACE31EE5E6D017DE0A832E1A','20200917032840','202.184.73.208','transaction','2020-09-17 11:28:40',NULL),(99,'&payChannel=ALP&orderId=20200917032915&amount=10000&goodsName=cloth&goodsDesc=cloth&clientIp=127.0.0.1&asyncNotifyUrl=http://203.223.135.107/p/notifyurl.php&tradeType=H5&appId=samo&version=1.0&nonceStr=20200917032915&sign=530FA9DD8300C69D328EB6DDD2C228B9','20200917032915','202.184.73.208','transaction','2020-09-17 11:29:14',NULL),(100,'&payChannel=ALP&orderId=20200917033028&amount=10000&goodsName=cloth&goodsDesc=cloth&clientIp=127.0.0.1&asyncNotifyUrl=http://203.223.135.107/p/notifyurl.php&tradeType=H5&appId=samo&version=1.0&nonceStr=20200917033028&sign=DAAB187B8652BEA01EB245FB13E37294','20200917033028','202.184.73.208','transaction','2020-09-17 11:30:28',NULL),(101,'&payChannel=ALP&orderId=20200917033033&amount=10000&goodsName=cloth&goodsDesc=cloth&clientIp=127.0.0.1&asyncNotifyUrl=http://203.223.135.107/p/notifyurl.php&tradeType=H5&appId=samo&version=1.0&nonceStr=20200917033033&sign=AEB9BF238714C7ABC037DB320F4CC6BE','20200917033033','202.184.73.208','transaction','2020-09-17 11:30:32',NULL),(102,'&payChannel=ALP&orderId=20200917033040&amount=10000&goodsName=cloth&goodsDesc=cloth&clientIp=127.0.0.1&asyncNotifyUrl=http://203.223.135.107/p/notifyurl.php&tradeType=H5&appId=samo&version=1.0&nonceStr=20200917033040&sign=EECD18DF98C78A7C107E138FB98C86DA','20200917033040','202.184.73.208','transaction','2020-09-17 11:30:39',NULL),(103,'&payChannel=ALP&orderId=20200917033123&amount=10000&goodsName=cloth&goodsDesc=cloth&clientIp=127.0.0.1&asyncNotifyUrl=http://203.223.135.107/p/notifyurl.php&tradeType=H5&appId=samo&version=1.0&nonceStr=20200917033123&sign=DDFDFE9D5DACD4C01C333AF9A7E55970','20200917033123','202.184.73.208','transaction','2020-09-17 11:31:22',NULL),(104,'&payChannel=ALP&orderId=20200917033127&amount=10000&goodsName=cloth&goodsDesc=cloth&clientIp=127.0.0.1&asyncNotifyUrl=http://203.223.135.107/p/notifyurl.php&tradeType=H5&appId=samo&version=1.0&nonceStr=20200917033127&sign=6F8BCD0F39766C5FF26D436CB55B1908','20200917033127','202.184.73.208','transaction','2020-09-17 11:31:26',NULL),(105,'&payChannel=ALP&orderId=20200917033149&amount=10000&goodsName=cloth&goodsDesc=cloth&clientIp=127.0.0.1&asyncNotifyUrl=http://203.223.135.107/p/notifyurl.php&tradeType=H5&appId=samo&version=1.0&nonceStr=20200917033149&sign=CF6272508D6D86810369A45BDF94B297','20200917033149','202.184.73.208','transaction','2020-09-17 11:31:48',NULL),(106,'&payChannel=ALP&orderId=20200917033354&amount=10000&goodsName=cloth&goodsDesc=cloth&clientIp=127.0.0.1&asyncNotifyUrl=http://203.223.135.107/p/notifyurl.php&tradeType=H5&appId=samo&version=1.0&nonceStr=20200917033354&sign=743AEE56545F2FB4CD5E1E86A7BB6875','20200917033354','202.184.73.208','transaction','2020-09-17 11:33:54',NULL),(107,'&payChannel=ALP&orderId=20200917033423&amount=10000&goodsName=cloth&goodsDesc=cloth&clientIp=127.0.0.1&asyncNotifyUrl=http://203.223.135.107/p/notifyurl.php&tradeType=H5&appId=samo&version=1.0&nonceStr=20200917033423&sign=34E5598D7D92D9296D13456F1CBFB7F8','20200917033423','202.184.73.208','transaction','2020-09-17 11:34:22',NULL),(108,'&payChannel=ALP&orderId=20200917034231&amount=10000&goodsName=cloth&goodsDesc=cloth&clientIp=127.0.0.1&asyncNotifyUrl=http://203.223.135.107/p/notifyurl.php&tradeType=H5&appId=samo&version=1.0&nonceStr=20200917034231&sign=A56A86C88B7F37C2BBD8E96E1E9EE50E','20200917034231','202.184.73.208','transaction','2020-09-17 11:42:30',NULL),(109,'&payChannel=ALP&orderId=20200917034245&amount=10000&goodsName=cloth&goodsDesc=cloth&clientIp=127.0.0.1&asyncNotifyUrl=http://203.223.135.107/p/notifyurl.php&tradeType=H5&appId=samo&version=1.0&nonceStr=20200917034245&sign=1211B020E25EF366E1D56C8CA731A8D8','20200917034245','202.184.73.208','transaction','2020-09-17 11:42:44',NULL),(110,'&payChannel=ALP&orderId=20200917034352&amount=10000&goodsName=cloth&goodsDesc=cloth&clientIp=127.0.0.1&asyncNotifyUrl=http://203.223.135.107/p/notifyurl.php&tradeType=H5&appId=samo&version=1.0&nonceStr=20200917034352&sign=F7126B62671AF2368CBEA9149555AACA','20200917034352','202.184.73.208','transaction','2020-09-17 11:43:51',NULL),(111,'&payChannel=ALP&orderId=20200917034441&amount=10000&goodsName=cloth&goodsDesc=cloth&clientIp=127.0.0.1&asyncNotifyUrl=http://203.223.135.107/p/notifyurl.php&tradeType=H5&appId=samo&version=1.0&nonceStr=20200917034441&sign=D25D92D566ECCB80CFECCEE7579A4E16','20200917034441','202.184.73.208','transaction','2020-09-17 11:44:40',NULL),(112,'&payChannel=ALP&orderId=20200917034509&amount=10000&goodsName=cloth&goodsDesc=cloth&clientIp=127.0.0.1&asyncNotifyUrl=http://203.223.135.107/p/notifyurl.php&tradeType=H5&appId=samo&version=1.0&nonceStr=20200917034509&sign=C48ED01C0099EE17C81392917E944D7F','20200917034509','202.184.73.208','transaction','2020-09-17 11:45:07',NULL),(113,'&payChannel=ALP&orderId=20200917034543&amount=10000&goodsName=cloth&goodsDesc=cloth&clientIp=127.0.0.1&asyncNotifyUrl=http://203.223.135.107/p/notifyurl.php&tradeType=H5&appId=samo&version=1.0&nonceStr=20200917034543&sign=91C552B380C3B570821328814FDE78A3','20200917034543','202.184.73.208','transaction','2020-09-17 11:45:42',NULL),(114,'&payChannel=ALP&orderId=20200917034553&amount=10000&goodsName=cloth&goodsDesc=cloth&clientIp=127.0.0.1&asyncNotifyUrl=http://203.223.135.107/p/notifyurl.php&tradeType=H5&appId=samo&version=1.0&nonceStr=20200917034553&sign=CE0343F329FD2A92E6234ABBB071F690','20200917034553','202.184.73.208','transaction','2020-09-17 11:45:52',NULL),(115,'&payChannel=ALP&orderId=20200917034557&amount=10000&goodsName=cloth&goodsDesc=cloth&clientIp=127.0.0.1&asyncNotifyUrl=http://203.223.135.107/p/notifyurl.php&tradeType=H5&appId=samo&version=1.0&nonceStr=20200917034557&sign=3D006289E97449608D3C81143B41D944','20200917034557','202.184.73.208','transaction','2020-09-17 11:45:56',NULL),(116,'&payChannel=ALP&orderId=20200917035153&amount=10000&goodsName=cloth&goodsDesc=cloth&clientIp=127.0.0.1&asyncNotifyUrl=http://203.223.135.107/p/notifyurl.php&tradeType=H5&appId=samo&version=1.0&nonceStr=20200917035153&sign=791FF0412F621FB0100AB418A159B86E','20200917035153','202.184.73.208','transaction','2020-09-17 11:51:53',NULL),(117,'&payChannel=ALP&orderId=20200917041616&amount=10000&goodsName=cloth&goodsDesc=cloth&clientIp=127.0.0.1&asyncNotifyUrl=http://203.223.135.107/p/notifyurl.php&tradeType=H5&appId=samo&version=1.0&nonceStr=20200917041616&sign=020FBF0E17948CC2215945646CD390AB','20200917041616','202.184.73.208','transaction','2020-09-17 12:16:15',NULL),(118,'&payChannel=ALP&orderId=20200917041622&amount=10000&goodsName=cloth&goodsDesc=cloth&clientIp=127.0.0.1&asyncNotifyUrl=http://203.223.135.107/p/notifyurl.php&tradeType=H5&appId=samo&version=1.0&nonceStr=20200917041622&sign=ADE7FE4010EFAF274F43B20E1DE469D0','20200917041622','202.184.73.208','transaction','2020-09-17 12:16:21',NULL),(119,'&payChannel=ALP&orderId=20200917041636&amount=10000&goodsName=cloth&goodsDesc=cloth&clientIp=127.0.0.1&asyncNotifyUrl=http://203.223.135.107/p/notifyurl.php&tradeType=H5&appId=samo&version=1.0&nonceStr=20200917041636&sign=B290C0E29312EBE39D98687B93BE7861','20200917041636','202.184.73.208','transaction','2020-09-17 12:16:35',NULL),(120,'&payChannel=ALP&orderId=20200917041748&amount=10000&goodsName=cloth&goodsDesc=cloth&clientIp=127.0.0.1&asyncNotifyUrl=http://203.223.135.107/p/notifyurl.php&tradeType=H5&appId=samo&version=1.0&nonceStr=20200917041748&sign=8663B283E312958D779A13291F4CE61D','20200917041748','202.184.73.208','transaction','2020-09-17 12:17:47',NULL),(121,'&payChannel=ALP&orderId=20200917041753&amount=10000&goodsName=cloth&goodsDesc=cloth&clientIp=127.0.0.1&asyncNotifyUrl=http://203.223.135.107/p/notifyurl.php&tradeType=H5&appId=samo&version=1.0&nonceStr=20200917041753&sign=844F4A755EC41280B8248C67F012252A','20200917041753','202.184.73.208','transaction','2020-09-17 12:17:52',NULL),(122,'&payChannel=ALP&orderId=20200917041932&amount=10000&goodsName=cloth&goodsDesc=cloth&clientIp=127.0.0.1&asyncNotifyUrl=http://203.223.135.107/p/notifyurl.php&tradeType=H5&appId=samo&version=1.0&nonceStr=20200917041932&sign=26F0EA602AAD1AFA5E9A1A2ED869358B','20200917041932','202.184.73.208','transaction','2020-09-17 12:19:31',NULL),(123,'&payChannel=ALP&orderId=20200917041953&amount=10000&goodsName=cloth&goodsDesc=cloth&clientIp=127.0.0.1&asyncNotifyUrl=http://203.223.135.107/p/notifyurl.php&tradeType=H5&appId=samo&version=1.0&nonceStr=20200917041953&sign=B5E2D8F38FA8BB5E54B4DB22355A35A4','20200917041953','202.184.73.208','transaction','2020-09-17 12:19:51',NULL),(124,'&payChannel=ALP&orderId=20200917041957&amount=10000&goodsName=cloth&goodsDesc=cloth&clientIp=127.0.0.1&asyncNotifyUrl=http://203.223.135.107/p/notifyurl.php&tradeType=H5&appId=samo&version=1.0&nonceStr=20200917041957&sign=ECC120B848B8AE3E30BBBF5D82FB057D','20200917041957','202.184.73.208','transaction','2020-09-17 12:19:56',NULL),(125,'&payChannel=ALP&orderId=20200917042005&amount=10000&goodsName=cloth&goodsDesc=cloth&clientIp=127.0.0.1&asyncNotifyUrl=http://203.223.135.107/p/notifyurl.php&tradeType=H5&appId=samo&version=1.0&nonceStr=20200917042005&sign=9613AFC0AF1C4850F8587E9BEC44E2CD','20200917042005','202.184.73.208','transaction','2020-09-17 12:20:05',NULL),(126,'&payChannel=ALP&orderId=20200917042014&amount=10000&goodsName=cloth&goodsDesc=cloth&clientIp=127.0.0.1&asyncNotifyUrl=http://203.223.135.107/p/notifyurl.php&tradeType=H5&appId=samo&version=1.0&nonceStr=20200917042014&sign=3094DBD7007D570B0BCC0269ECD9CEF7','20200917042014','202.184.73.208','transaction','2020-09-17 12:20:14',NULL),(127,'&payChannel=ALP&orderId=20200917042128&amount=10000&goodsName=cloth&goodsDesc=cloth&clientIp=127.0.0.1&asyncNotifyUrl=http://203.223.135.107/p/notifyurl.php&tradeType=H5&appId=samo&version=1.0&nonceStr=20200917042128&sign=70A6DA30F1A5CCD32012A90AC0FB0DA2','20200917042128','202.184.73.208','transaction','2020-09-17 12:21:27',NULL),(128,'&payChannel=ALP&orderId=20200917042146&amount=10000&goodsName=cloth&goodsDesc=cloth&clientIp=127.0.0.1&asyncNotifyUrl=http://203.223.135.107/p/notifyurl.php&tradeType=H5&appId=samo&version=1.0&nonceStr=20200917042146&sign=4B859C3C0A97E9908D72BFE5FAE50AF0','20200917042146','202.184.73.208','transaction','2020-09-17 12:21:45',NULL),(129,'&payChannel=ALP&orderId=20200917235643&amount=10000&goodsName=cloth&goodsDesc=cloth&clientIp=127.0.0.1&asyncNotifyUrl=http://203.223.135.107/p/notifyurl.php&tradeType=H5&appId=samo&version=1.0&nonceStr=20200917235643&sign=6E07320D97AC26AD7222F59F2D70E1D1','20200917235643','202.184.73.208','transaction','2020-09-18 07:56:42',NULL),(130,'&payChannel=ALP&orderId=20200917235649&amount=10000&goodsName=cloth&goodsDesc=cloth&clientIp=127.0.0.1&asyncNotifyUrl=http://203.223.135.107/p/notifyurl.php&tradeType=H5&appId=samo&version=1.0&nonceStr=20200917235649&sign=3E39078968DCCF6FF0ABE00C1AE3B067','20200917235649','202.184.73.208','transaction','2020-09-18 07:56:47',NULL),(131,'&payChannel=ALP&orderId=20200917235653&amount=10000&goodsName=cloth&goodsDesc=cloth&clientIp=127.0.0.1&asyncNotifyUrl=http://203.223.135.107/p/notifyurl.php&tradeType=H5&appId=samo&version=1.0&nonceStr=20200917235653&sign=C5BC1FA302703FC620F9708C202B44BC','20200917235653','202.184.73.208','transaction','2020-09-18 07:56:52',NULL),(132,'&payChannel=ALP&orderId=20200917235719&amount=10000&goodsName=cloth&goodsDesc=cloth&clientIp=127.0.0.1&asyncNotifyUrl=http://203.223.135.107/p/notifyurl.php&tradeType=H5&appId=samo&version=1.0&nonceStr=20200917235719&sign=03522535C8F1863E72949ABF3191BF1E','20200917235719','202.184.73.208','transaction','2020-09-18 07:57:17',NULL),(133,'&payChannel=ALP&orderId=20200917235723&amount=10000&goodsName=cloth&goodsDesc=cloth&clientIp=127.0.0.1&asyncNotifyUrl=http://203.223.135.107/p/notifyurl.php&tradeType=H5&appId=samo&version=1.0&nonceStr=20200917235723&sign=EE2028E3FDD04B136539E08D12213F50','20200917235723','202.184.73.208','transaction','2020-09-18 07:57:21',NULL),(134,'&payChannel=ALP&orderId=20200918000227&amount=10000&goodsName=cloth&goodsDesc=cloth&clientIp=127.0.0.1&asyncNotifyUrl=http://203.223.135.107/p/notifyurl.php&tradeType=H5&appId=samo&version=1.0&nonceStr=20200918000227&sign=A4F1D473515B1D2E7A60448ECF181D4E','20200918000227','202.184.73.208','transaction','2020-09-18 08:02:25',NULL),(135,'&payChannel=ALP&orderId=20200918000232&amount=10000&goodsName=cloth&goodsDesc=cloth&clientIp=127.0.0.1&asyncNotifyUrl=http://203.223.135.107/p/notifyurl.php&tradeType=H5&appId=samo&version=1.0&nonceStr=20200918000232&sign=BECEEDE581BC86A52F8C18BC39FA3408','20200918000232','202.184.73.208','transaction','2020-09-18 08:02:30',NULL),(136,'&payChannel=ALP&orderId=20200918000235&amount=10000&goodsName=cloth&goodsDesc=cloth&clientIp=127.0.0.1&asyncNotifyUrl=http://203.223.135.107/p/notifyurl.php&tradeType=H5&appId=samo&version=1.0&nonceStr=20200918000235&sign=EC922462B4D181F87CE48B2F4A23FBE5','20200918000235','202.184.73.208','transaction','2020-09-18 08:02:33',NULL),(137,'&payChannel=ALP&orderId=20200918000237&amount=10000&goodsName=cloth&goodsDesc=cloth&clientIp=127.0.0.1&asyncNotifyUrl=http://203.223.135.107/p/notifyurl.php&tradeType=H5&appId=samo&version=1.0&nonceStr=20200918000237&sign=74F4D2A0E54B236A6346CE77720E1577','20200918000237','202.184.73.208','transaction','2020-09-18 08:02:35',NULL),(138,'&payChannel=ALP&orderId=20200918000241&amount=10000&goodsName=cloth&goodsDesc=cloth&clientIp=127.0.0.1&asyncNotifyUrl=http://203.223.135.107/p/notifyurl.php&tradeType=H5&appId=samo&version=1.0&nonceStr=20200918000241&sign=D5A36F8BF3B500D4A2B7CB3E257491D8','20200918000241','202.184.73.208','transaction','2020-09-18 08:02:39',NULL),(139,'&payChannel=ALP&orderId=20200918000251&amount=10000&goodsName=cloth&goodsDesc=cloth&clientIp=127.0.0.1&asyncNotifyUrl=http://203.223.135.107/p/notifyurl.php&tradeType=H5&appId=samo&version=1.0&nonceStr=20200918000251&sign=431F3F1E488B21BCF827892BDB78A093','20200918000251','202.184.73.208','transaction','2020-09-18 08:02:49',NULL),(140,'&payChannel=ALP&orderId=20200918000253&amount=10000&goodsName=cloth&goodsDesc=cloth&clientIp=127.0.0.1&asyncNotifyUrl=http://203.223.135.107/p/notifyurl.php&tradeType=H5&appId=samo&version=1.0&nonceStr=20200918000253&sign=9B8E626B418E76CA225343477EC5CA0E','20200918000253','202.184.73.208','transaction','2020-09-18 08:02:51',NULL),(141,'&payChannel=ALP&orderId=20200918000255&amount=10000&goodsName=cloth&goodsDesc=cloth&clientIp=127.0.0.1&asyncNotifyUrl=http://203.223.135.107/p/notifyurl.php&tradeType=H5&appId=samo&version=1.0&nonceStr=20200918000255&sign=AF6B3D7EDCB5791A41814F4753D962E9','20200918000255','202.184.73.208','transaction','2020-09-18 08:02:53',NULL),(142,'&payChannel=ALP&orderId=20200918000307&amount=10000&goodsName=cloth&goodsDesc=cloth&clientIp=127.0.0.1&asyncNotifyUrl=http://203.223.135.107/p/notifyurl.php&tradeType=H5&appId=samo&version=1.0&nonceStr=20200918000307&sign=02AA1EAC4558658F930BC3987E0CD55A','20200918000307','202.184.73.208','transaction','2020-09-18 08:03:05',NULL),(143,'&payChannel=ALP&orderId=20200918000309&amount=10000&goodsName=cloth&goodsDesc=cloth&clientIp=127.0.0.1&asyncNotifyUrl=http://203.223.135.107/p/notifyurl.php&tradeType=H5&appId=samo&version=1.0&nonceStr=20200918000309&sign=44CCB92A92A2D29C19AD0330D92C70C0','20200918000309','202.184.73.208','transaction','2020-09-18 08:03:07',NULL),(144,'&payChannel=ALP&orderId=20200918000330&amount=10000&goodsName=cloth&goodsDesc=cloth&clientIp=127.0.0.1&asyncNotifyUrl=http://203.223.135.107/p/notifyurl.php&tradeType=H5&appId=samo&version=1.0&nonceStr=20200918000330&sign=CE4AD14FC9B4F979F236F23B1BC12D7E','20200918000330','202.184.73.208','transaction','2020-09-18 08:03:28',NULL),(145,'&payChannel=ALP&orderId=20200918000333&amount=10000&goodsName=cloth&goodsDesc=cloth&clientIp=127.0.0.1&asyncNotifyUrl=http://203.223.135.107/p/notifyurl.php&tradeType=H5&appId=samo&version=1.0&nonceStr=20200918000333&sign=3CE9A2D9D77364657F2FA0EDE03CB058','20200918000333','202.184.73.208','transaction','2020-09-18 08:03:31',NULL),(146,'&payChannel=ALP&orderId=20200918000344&amount=10000&goodsName=cloth&goodsDesc=cloth&clientIp=127.0.0.1&asyncNotifyUrl=http://203.223.135.107/p/notifyurl.php&tradeType=H5&appId=samo&version=1.0&nonceStr=20200918000344&sign=BA4CDECF1165384C56CC44F4234E369D','20200918000344','202.184.73.208','transaction','2020-09-18 08:03:42',NULL),(147,'&payChannel=ALP&orderId=20200918000347&amount=10000&goodsName=cloth&goodsDesc=cloth&clientIp=127.0.0.1&asyncNotifyUrl=http://203.223.135.107/p/notifyurl.php&tradeType=H5&appId=samo&version=1.0&nonceStr=20200918000347&sign=7E12DE44C96E4354C8A909F673E4F319','20200918000347','202.184.73.208','transaction','2020-09-18 08:03:45',NULL),(148,'&payChannel=ALP&orderId=20200918000356&amount=10000&goodsName=cloth&goodsDesc=cloth&clientIp=127.0.0.1&asyncNotifyUrl=http://203.223.135.107/p/notifyurl.php&tradeType=H5&appId=samo&version=1.0&nonceStr=20200918000356&sign=B32A26B4DD9E3718947C7A2206FC622A','20200918000356','202.184.73.208','transaction','2020-09-18 08:03:54',NULL),(149,'&payChannel=ALP&orderId=20200918000659&amount=10000&goodsName=cloth&goodsDesc=cloth&clientIp=127.0.0.1&asyncNotifyUrl=http://203.223.135.107/p/notifyurl.php&tradeType=H5&appId=samo&version=1.0&nonceStr=20200918000659&sign=99433800A2E9AD9624F7F764AF63DD40','20200918000659','202.184.73.208','transaction','2020-09-18 08:06:57',NULL),(150,'&payChannel=ALP&orderId=20200918000702&amount=10000&goodsName=cloth&goodsDesc=cloth&clientIp=127.0.0.1&asyncNotifyUrl=http://203.223.135.107/p/notifyurl.php&tradeType=H5&appId=samo&version=1.0&nonceStr=20200918000702&sign=63FE9C8EA5B25778C975A9A74A961BB9','20200918000702','202.184.73.208','transaction','2020-09-18 08:07:00',NULL),(151,'&payChannel=ALP&orderId=20200918000939&amount=10000&goodsName=cloth&goodsDesc=cloth&clientIp=127.0.0.1&asyncNotifyUrl=http://203.223.135.107/p/notifyurl.php&tradeType=H5&appId=samo&version=1.0&nonceStr=20200918000939&sign=174283EF53DFCC62B562F7A88C0D71DF','20200918000939','202.184.73.208','transaction','2020-09-18 08:09:38',NULL),(152,'&payChannel=ALP&orderId=20200918000943&amount=10000&goodsName=cloth&goodsDesc=cloth&clientIp=127.0.0.1&asyncNotifyUrl=http://203.223.135.107/p/notifyurl.php&tradeType=H5&appId=samo&version=1.0&nonceStr=20200918000943&sign=75F1313ACF4149DB8DB94C2C98DF9DAF','20200918000943','202.184.73.208','transaction','2020-09-18 08:09:41',NULL),(153,'&payChannel=ALP&orderId=20200918001130&amount=10000&goodsName=cloth&goodsDesc=cloth&clientIp=127.0.0.1&asyncNotifyUrl=http://203.223.135.107/p/notifyurl.php&tradeType=H5&appId=samo&version=1.0&nonceStr=20200918001130&sign=1725A2C7EE31E00D2F8C7665E212C2BA','20200918001130','202.184.73.208','transaction','2020-09-18 08:11:29',NULL),(154,'&payChannel=ALP&orderId=20200918001133&amount=10000&goodsName=cloth&goodsDesc=cloth&clientIp=127.0.0.1&asyncNotifyUrl=http://203.223.135.107/p/notifyurl.php&tradeType=H5&appId=samo&version=1.0&nonceStr=20200918001133&sign=4EC17A97E317911DCCA8EFD7248DC82F','20200918001133','202.184.73.208','transaction','2020-09-18 08:11:31',NULL),(155,'&payChannel=ALP&orderId=20200918001211&amount=10000&goodsName=cloth&goodsDesc=cloth&clientIp=127.0.0.1&asyncNotifyUrl=http://203.223.135.107/p/notifyurl.php&tradeType=H5&appId=samo&version=1.0&nonceStr=20200918001211&sign=5CD6280A80C339518F262912A38228D2','20200918001211','202.184.73.208','transaction','2020-09-18 08:12:09',NULL),(156,'&payChannel=ALP&orderId=20200918001214&amount=10000&goodsName=cloth&goodsDesc=cloth&clientIp=127.0.0.1&asyncNotifyUrl=http://203.223.135.107/p/notifyurl.php&tradeType=H5&appId=samo&version=1.0&nonceStr=20200918001214&sign=6BF453F47BD2B5679DFBD332A01FACD8','20200918001214','202.184.73.208','transaction','2020-09-18 08:12:12',NULL),(157,'&payChannel=ALP&orderId=20200918001503&amount=10000&goodsName=cloth&goodsDesc=cloth&clientIp=127.0.0.1&asyncNotifyUrl=http://203.223.135.107/p/notifyurl.php&tradeType=H5&appId=samo&version=1.0&nonceStr=20200918001503&sign=9885572776ABBB670BB6D05471160998','20200918001503','202.184.73.208','transaction','2020-09-18 08:15:01',NULL),(158,'&payChannel=ALP&orderId=20200918001510&amount=10000&goodsName=cloth&goodsDesc=cloth&clientIp=127.0.0.1&asyncNotifyUrl=http://203.223.135.107/p/notifyurl.php&tradeType=H5&appId=samo&version=1.0&nonceStr=20200918001510&sign=51648EE6AC5C1AE854E08DEA6DB06AF3','20200918001510','202.184.73.208','transaction','2020-09-18 08:15:08',NULL),(159,'&payChannel=ALP&orderId=20200918001517&amount=10000&goodsName=cloth&goodsDesc=cloth&clientIp=127.0.0.1&asyncNotifyUrl=http://203.223.135.107/p/notifyurl.php&tradeType=H5&appId=samo&version=1.0&nonceStr=20200918001517&sign=4B3066A84EA72E20BCC0B0DE7E7B8E6E','20200918001517','202.184.73.208','transaction','2020-09-18 08:15:15',NULL),(160,'&payChannel=ALP&orderId=20200918001520&amount=10000&goodsName=cloth&goodsDesc=cloth&clientIp=127.0.0.1&asyncNotifyUrl=http://203.223.135.107/p/notifyurl.php&tradeType=H5&appId=samo&version=1.0&nonceStr=20200918001520&sign=92A4A4133B9C01F47248528070C56692','20200918001520','202.184.73.208','transaction','2020-09-18 08:15:18',NULL),(161,'&payChannel=ALP&orderId=20200918001521&amount=10000&goodsName=cloth&goodsDesc=cloth&clientIp=127.0.0.1&asyncNotifyUrl=http://203.223.135.107/p/notifyurl.php&tradeType=H5&appId=samo&version=1.0&nonceStr=20200918001521&sign=787F145B7A7641A8923EB64F4AF3B6A4','20200918001521','202.184.73.208','transaction','2020-09-18 08:15:19',NULL),(162,'&payChannel=ALP&orderId=20200918001550&amount=10000&goodsName=cloth&goodsDesc=cloth&clientIp=127.0.0.1&asyncNotifyUrl=http://203.223.135.107/p/notifyurl.php&tradeType=H5&appId=samo&version=1.0&nonceStr=20200918001550&sign=D66A956C268ED519472D577E7E100868','20200918001550','202.184.73.208','transaction','2020-09-18 08:15:48',NULL),(163,'&payChannel=ALP&orderId=20200918001552&amount=10000&goodsName=cloth&goodsDesc=cloth&clientIp=127.0.0.1&asyncNotifyUrl=http://203.223.135.107/p/notifyurl.php&tradeType=H5&appId=samo&version=1.0&nonceStr=20200918001552&sign=65309763CAC96A3BFD63627E898574DE','20200918001552','202.184.73.208','transaction','2020-09-18 08:15:50',NULL),(164,'&payChannel=ALP&orderId=20200918001554&amount=10000&goodsName=cloth&goodsDesc=cloth&clientIp=127.0.0.1&asyncNotifyUrl=http://203.223.135.107/p/notifyurl.php&tradeType=H5&appId=samo&version=1.0&nonceStr=20200918001554&sign=CE345C8111AADC574D15A9E88835477D','20200918001554','202.184.73.208','transaction','2020-09-18 08:15:51',NULL),(165,'&payChannel=ALP&orderId=20200918002111&amount=10000&goodsName=cloth&goodsDesc=cloth&clientIp=127.0.0.1&asyncNotifyUrl=http://203.223.135.107/p/notifyurl.php&tradeType=H5&appId=samo&version=1.0&nonceStr=20200918002111&sign=CC05B821AC7A17724643B14B8DA62DA7','20200918002111','202.184.73.208','transaction','2020-09-18 08:21:10',NULL),(166,'&payChannel=ALP&orderId=20200918002114&amount=10000&goodsName=cloth&goodsDesc=cloth&clientIp=127.0.0.1&asyncNotifyUrl=http://203.223.135.107/p/notifyurl.php&tradeType=H5&appId=samo&version=1.0&nonceStr=20200918002114&sign=8ACD071E6296ABD8BEBC78A941D80D90','20200918002114','202.184.73.208','transaction','2020-09-18 08:21:12',NULL),(167,'&payChannel=ALP&orderId=20200918010830&amount=10000&goodsName=cloth&goodsDesc=cloth&clientIp=127.0.0.1&asyncNotifyUrl=http://203.223.135.107/p/notifyurl.php&tradeType=H5&appId=samo&version=1.0&nonceStr=20200918010830&sign=DA75F2309E5B77BC02567D1E041A0ED8','20200918010830','202.184.73.208','transaction','2020-09-18 09:08:29',NULL),(168,'&payChannel=ALP&orderId=20200918010935&amount=10000&goodsName=cloth&goodsDesc=cloth&clientIp=127.0.0.1&asyncNotifyUrl=http://203.223.135.107/p/notifyurl.php&tradeType=H5&appId=samo&version=1.0&nonceStr=20200918010935&sign=557E29FFAC8EC2C15D6CB11A7CC90663','20200918010935','202.184.73.208','transaction','2020-09-18 09:09:33',NULL),(169,'&payChannel=ALP&orderId=20200918010942&amount=10000&goodsName=cloth&goodsDesc=cloth&clientIp=127.0.0.1&asyncNotifyUrl=http://203.223.135.107/p/notifyurl.php&tradeType=H5&appId=samo&version=1.0&nonceStr=20200918010942&sign=C694D1BB53318D1CA6332D0D7E6F4A2C','20200918010942','202.184.73.208','transaction','2020-09-18 09:09:40',NULL),(170,'&payChannel=ALP&orderId=20200918011031&amount=10000&goodsName=cloth&goodsDesc=cloth&clientIp=127.0.0.1&asyncNotifyUrl=http://203.223.135.107/p/notifyurl.php&tradeType=H5&appId=samo&version=1.0&nonceStr=20200918011031&sign=6618FDEFA158F4114587C435313E6776','20200918011031','202.184.73.208','transaction','2020-09-18 09:10:29',NULL),(171,'&payChannel=ALP&orderId=20200918011040&amount=10000&goodsName=cloth&goodsDesc=cloth&clientIp=127.0.0.1&asyncNotifyUrl=http://203.223.135.107/p/notifyurl.php&tradeType=H5&appId=samo&version=1.0&nonceStr=20200918011040&sign=81679AF91A27375DA466F0CAC9E4460F','20200918011040','202.184.73.208','transaction','2020-09-18 09:10:38',NULL),(172,'&payChannel=ALP&orderId=20200918011144&amount=10000&goodsName=cloth&goodsDesc=cloth&clientIp=127.0.0.1&asyncNotifyUrl=http://203.223.135.107/p/notifyurl.php&tradeType=H5&appId=samo&version=1.0&nonceStr=20200918011144&sign=2BEBA9787384F85A21334C5689A638EF','20200918011144','202.184.73.208','transaction','2020-09-18 09:11:42',NULL),(173,'&payChannel=ALP&orderId=20200918011158&amount=10000&goodsName=cloth&goodsDesc=cloth&clientIp=127.0.0.1&asyncNotifyUrl=http://203.223.135.107/p/notifyurl.php&tradeType=H5&appId=samo&version=1.0&nonceStr=20200918011158&sign=AD45A8F3DE5849C3DEBAE86451788826','20200918011158','202.184.73.208','transaction','2020-09-18 09:11:56',NULL),(174,'&payChannel=ALP&orderId=20200918011203&amount=10000&goodsName=cloth&goodsDesc=cloth&clientIp=127.0.0.1&asyncNotifyUrl=http://203.223.135.107/p/notifyurl.php&tradeType=H5&appId=samo&version=1.0&nonceStr=20200918011203&sign=87EEFE4DEEA856236D620C407E8655D3','20200918011203','202.184.73.208','transaction','2020-09-18 09:12:01',NULL),(175,'&payChannel=ALP&orderId=20200918011207&amount=10000&goodsName=cloth&goodsDesc=cloth&clientIp=127.0.0.1&asyncNotifyUrl=http://203.223.135.107/p/notifyurl.php&tradeType=H5&appId=samo&version=1.0&nonceStr=20200918011207&sign=A012E48B4F001804F8656A1A94F734F3','20200918011207','202.184.73.208','transaction','2020-09-18 09:12:05',NULL),(176,'&payChannel=ALP&orderId=20200918011209&amount=10000&goodsName=cloth&goodsDesc=cloth&clientIp=127.0.0.1&asyncNotifyUrl=http://203.223.135.107/p/notifyurl.php&tradeType=H5&appId=samo&version=1.0&nonceStr=20200918011209&sign=CE6EFC5EC6A38D2D3089CC22709F8767','20200918011209','202.184.73.208','transaction','2020-09-18 09:12:07',NULL),(177,'&payChannel=ALP&orderId=20200918011211&amount=10000&goodsName=cloth&goodsDesc=cloth&clientIp=127.0.0.1&asyncNotifyUrl=http://203.223.135.107/p/notifyurl.php&tradeType=H5&appId=samo&version=1.0&nonceStr=20200918011211&sign=4EF8D09615C7C7390861A8B90210CDF7','20200918011211','202.184.73.208','transaction','2020-09-18 09:12:09',NULL),(178,'&payChannel=ALP&orderId=20200918011213&amount=10000&goodsName=cloth&goodsDesc=cloth&clientIp=127.0.0.1&asyncNotifyUrl=http://203.223.135.107/p/notifyurl.php&tradeType=H5&appId=samo&version=1.0&nonceStr=20200918011213&sign=B53D242F983F12C4C87019B48386BD3F','20200918011213','202.184.73.208','transaction','2020-09-18 09:12:11',NULL),(179,'&payChannel=ALP&orderId=20200918011249&amount=10000&goodsName=cloth&goodsDesc=cloth&clientIp=127.0.0.1&asyncNotifyUrl=http://203.223.135.107/p/notifyurl.php&tradeType=H5&appId=samo&version=1.0&nonceStr=20200918011249&sign=568D1B5026B1EB8753899C71F40139CB','20200918011249','202.184.73.208','transaction','2020-09-18 09:12:47',NULL),(180,'&payChannel=ALP&orderId=20200918011251&amount=10000&goodsName=cloth&goodsDesc=cloth&clientIp=127.0.0.1&asyncNotifyUrl=http://203.223.135.107/p/notifyurl.php&tradeType=H5&appId=samo&version=1.0&nonceStr=20200918011251&sign=5407087CDD7AAA9D9D6F38397E876A2F','20200918011251','202.184.73.208','transaction','2020-09-18 09:12:49',NULL),(181,'&payChannel=ALP&orderId=20200918011254&amount=10000&goodsName=cloth&goodsDesc=cloth&clientIp=127.0.0.1&asyncNotifyUrl=http://203.223.135.107/p/notifyurl.php&tradeType=H5&appId=samo&version=1.0&nonceStr=20200918011254&sign=53623467E5273126D4F645A357246E85','20200918011254','202.184.73.208','transaction','2020-09-18 09:12:52',NULL),(182,'&payChannel=ALP&orderId=20200918011256&amount=10000&goodsName=cloth&goodsDesc=cloth&clientIp=127.0.0.1&asyncNotifyUrl=http://203.223.135.107/p/notifyurl.php&tradeType=H5&appId=samo&version=1.0&nonceStr=20200918011256&sign=156A2BF905F54B292F0ACB7E67CC1E59','20200918011256','202.184.73.208','transaction','2020-09-18 09:12:53',NULL),(183,'&payChannel=ALP&orderId=20200918011258&amount=10000&goodsName=cloth&goodsDesc=cloth&clientIp=127.0.0.1&asyncNotifyUrl=http://203.223.135.107/p/notifyurl.php&tradeType=H5&appId=samo&version=1.0&nonceStr=20200918011258&sign=88C752E54DA346A3A0AF468CA2EFBA57','20200918011258','202.184.73.208','transaction','2020-09-18 09:12:56',NULL),(184,'&payChannel=ALP&orderId=20200918011302&amount=10000&goodsName=cloth&goodsDesc=cloth&clientIp=127.0.0.1&asyncNotifyUrl=http://203.223.135.107/p/notifyurl.php&tradeType=H5&appId=samo&version=1.0&nonceStr=20200918011302&sign=F13B9467F95112DD9978DE8F08F109C8','20200918011302','202.184.73.208','transaction','2020-09-18 09:12:59',NULL),(185,'&payChannel=ALP&orderId=20200918013240&amount=10000&goodsName=cloth&goodsDesc=cloth&clientIp=127.0.0.1&asyncNotifyUrl=http://203.223.135.107/p/notifyurl.php&tradeType=H5&appId=samo&version=1.0&nonceStr=20200918013240&sign=A77293FBD400C678AC293CDA7AEFCCD9','20200918013240','202.184.73.208','transaction','2020-09-18 09:32:38',NULL),(186,'&payChannel=ALP&orderId=20200918013443&amount=10000&goodsName=cloth&goodsDesc=cloth&clientIp=127.0.0.1&asyncNotifyUrl=http://203.223.135.107/p/notifyurl.php&tradeType=H5&appId=samo&version=1.0&nonceStr=20200918013443&sign=0737B79A54C78F2203D50F73D93B6391','20200918013443','202.184.73.208','transaction','2020-09-18 09:34:41',NULL),(187,'&payChannel=ALP&orderId=20200918013537&amount=10000&goodsName=cloth&goodsDesc=cloth&clientIp=127.0.0.1&asyncNotifyUrl=http://203.223.135.107/p/notifyurl.php&tradeType=H5&appId=samo&version=1.0&nonceStr=20200918013537&sign=783F05948EA737D2DD017C4B69D6A904','20200918013537','202.184.73.208','transaction','2020-09-18 09:35:36',NULL),(188,'&payChannel=ALP&orderId=20200918013742&amount=10000&goodsName=cloth&goodsDesc=cloth&clientIp=127.0.0.1&asyncNotifyUrl=http://203.223.135.107/p/notifyurl.php&tradeType=H5&appId=samo&version=1.0&nonceStr=20200918013742&sign=6A136E8B15491FF40C49770384EC81C4','20200918013742','202.184.73.208','transaction','2020-09-18 09:37:40',NULL),(189,'&payChannel=ALP&orderId=20200918013753&amount=10000&goodsName=cloth&goodsDesc=cloth&clientIp=127.0.0.1&asyncNotifyUrl=http://203.223.135.107/p/notifyurl.php&tradeType=H5&appId=samo&version=1.0&nonceStr=20200918013753&sign=230CDB7C0EC14AF956BE24DF993540D5','20200918013753','202.184.73.208','transaction','2020-09-18 09:37:51',NULL),(190,'&payChannel=ALP&orderId=20200918013756&amount=10000&goodsName=cloth&goodsDesc=cloth&clientIp=127.0.0.1&asyncNotifyUrl=http://203.223.135.107/p/notifyurl.php&tradeType=H5&appId=samo&version=1.0&nonceStr=20200918013756&sign=8FCB77217FAABBE8E11FD0B95DEB1384','20200918013756','202.184.73.208','transaction','2020-09-18 09:37:54',NULL),(191,'&payChannel=ALP&orderId=20200918013758&amount=10000&goodsName=cloth&goodsDesc=cloth&clientIp=127.0.0.1&asyncNotifyUrl=http://203.223.135.107/p/notifyurl.php&tradeType=H5&appId=samo&version=1.0&nonceStr=20200918013758&sign=838E6ACEFEEBCBC76CE6AF07A5909623','20200918013758','202.184.73.208','transaction','2020-09-18 09:37:56',NULL),(192,'&payChannel=ALP&orderId=20200918013801&amount=10000&goodsName=cloth&goodsDesc=cloth&clientIp=127.0.0.1&asyncNotifyUrl=http://203.223.135.107/p/notifyurl.php&tradeType=H5&appId=samo&version=1.0&nonceStr=20200918013801&sign=8F046A178F89362C5E5D306FCC31A1A5','20200918013801','202.184.73.208','transaction','2020-09-18 09:37:59',NULL),(193,'&payChannel=ALP&orderId=20200918013858&amount=10000&goodsName=cloth&goodsDesc=cloth&clientIp=127.0.0.1&asyncNotifyUrl=http://203.223.135.107/p/notifyurl.php&tradeType=H5&appId=samo&version=1.0&nonceStr=20200918013858&sign=226E656B07E7A655CEB2009D9717988E','20200918013858','202.184.73.208','transaction','2020-09-18 09:38:57',NULL),(194,'&payChannel=ALP&orderId=20200918033104&amount=10000&goodsName=cloth&goodsDesc=cloth&clientIp=127.0.0.1&asyncNotifyUrl=http://203.223.135.107/p/notifyurl.php&tradeType=H5&appId=samo&version=1.0&nonceStr=20200918033104&sign=340B4FC2E99CE6F055B6415B10882E34','20200918033104','202.184.73.208','transaction','2020-09-18 11:31:03',NULL),(195,NULL,NULL,'202.184.73.208',NULL,'2020-09-18 11:33:23',NULL),(196,NULL,NULL,'202.184.73.208',NULL,'2020-09-18 11:34:11',NULL),(197,NULL,NULL,'202.184.73.208',NULL,'2020-09-18 11:34:12',NULL),(198,NULL,NULL,'202.184.73.208',NULL,'2020-09-18 11:34:35',NULL),(199,NULL,NULL,'202.184.73.208',NULL,'2020-09-18 11:34:45',NULL),(200,NULL,NULL,'202.184.73.208',NULL,'2020-09-18 11:36:23',NULL),(201,NULL,NULL,'202.184.73.208',NULL,'2020-09-18 11:52:05',NULL),(202,NULL,NULL,'202.184.73.208',NULL,'2020-09-18 11:58:07',NULL),(203,NULL,NULL,'202.184.73.208',NULL,'2020-09-18 11:58:58',NULL),(204,NULL,NULL,'202.184.73.208',NULL,'2020-09-18 11:58:59',NULL),(205,NULL,NULL,'202.184.73.208',NULL,'2020-09-18 11:59:28',NULL),(206,NULL,NULL,'202.184.73.208',NULL,'2020-09-18 11:59:29',NULL),(207,'&payChannel=ALP&orderId=20200918035936&amount=10000&goodsName=cloth&goodsDesc=cloth&clientIp=127.0.0.1&asyncNotifyUrl=http://203.223.135.107/p/notifyurl.php&tradeType=H5&appId=samo&version=1.0&nonceStr=20200918035936&sign=95BB3AA50D7F6E47BDB8D86286F9DA27','20200918035936','202.184.73.208','transaction','2020-09-18 11:59:34',NULL),(208,NULL,NULL,'202.184.73.208',NULL,'2020-09-18 11:59:35',NULL),(209,NULL,NULL,'202.184.73.208',NULL,'2020-09-18 11:59:36',NULL),(210,NULL,NULL,'202.184.73.208',NULL,'2020-09-18 11:59:36',NULL),(211,NULL,NULL,'202.184.73.208',NULL,'2020-09-18 11:59:50',NULL),(212,NULL,NULL,'202.184.73.208',NULL,'2020-09-18 11:59:51',NULL),(213,NULL,NULL,'202.184.73.208',NULL,'2020-09-18 11:59:51',NULL),(214,NULL,NULL,'202.184.73.208',NULL,'2020-09-18 12:00:12',NULL),(215,NULL,NULL,'202.184.73.208',NULL,'2020-09-18 12:00:26',NULL),(216,NULL,NULL,'202.184.73.208',NULL,'2020-09-18 12:01:44',NULL),(217,NULL,NULL,'202.184.73.208',NULL,'2020-09-18 12:01:48',NULL),(218,NULL,NULL,'202.184.73.208',NULL,'2020-09-18 12:03:04',NULL),(219,NULL,NULL,'202.184.73.208',NULL,'2020-09-18 12:03:14',NULL),(220,NULL,NULL,'202.184.73.208',NULL,'2020-09-18 12:03:15',NULL),(221,NULL,NULL,'202.184.73.208',NULL,'2020-09-18 12:03:15',NULL),(222,NULL,NULL,'202.184.73.208',NULL,'2020-09-18 12:03:23',NULL),(223,NULL,NULL,'202.184.73.208',NULL,'2020-09-18 12:03:30',NULL),(224,NULL,NULL,'202.184.73.208',NULL,'2020-09-18 12:05:05',NULL),(225,NULL,NULL,'202.184.73.208',NULL,'2020-09-18 12:05:05',NULL),(226,NULL,NULL,'202.184.73.208',NULL,'2020-09-18 12:06:15',NULL),(227,NULL,NULL,'202.184.73.208',NULL,'2020-09-18 12:06:16',NULL),(228,NULL,NULL,'202.184.73.208',NULL,'2020-09-18 12:06:16',NULL),(229,NULL,NULL,'202.184.73.208',NULL,'2020-09-18 12:06:29',NULL),(230,NULL,NULL,'202.184.73.208',NULL,'2020-09-18 12:06:44',NULL),(231,NULL,NULL,'202.184.73.208',NULL,'2020-09-18 12:06:44',NULL),(232,NULL,NULL,'202.184.73.208',NULL,'2020-09-18 12:06:53',NULL),(233,NULL,NULL,'202.184.73.208',NULL,'2020-09-18 12:07:41',NULL),(234,NULL,NULL,'202.184.73.208',NULL,'2020-09-18 12:15:42',NULL),(235,NULL,NULL,'202.184.73.208',NULL,'2020-09-18 12:15:42',NULL),(236,NULL,NULL,'202.184.73.208',NULL,'2020-09-18 12:15:43',NULL),(237,NULL,NULL,'202.184.73.208',NULL,'2020-09-18 12:17:50',NULL),(238,NULL,NULL,'202.184.73.208',NULL,'2020-09-18 12:18:11',NULL),(239,NULL,NULL,'202.184.73.208',NULL,'2020-09-18 12:20:15',NULL),(240,NULL,NULL,'202.184.73.208',NULL,'2020-09-18 12:20:21',NULL),(241,NULL,NULL,'202.184.73.208',NULL,'2020-09-18 12:20:27',NULL),(242,NULL,NULL,'202.184.73.208',NULL,'2020-09-18 12:21:04',NULL),(243,NULL,NULL,'202.184.73.208',NULL,'2020-09-18 12:21:12',NULL),(244,NULL,NULL,'202.184.73.208',NULL,'2020-09-18 12:21:18',NULL),(245,'&payChannel=ALP&orderId=20200918042355&amount=10000&goodsName=cloth&goodsDesc=cloth&clientIp=127.0.0.1&asyncNotifyUrl=http://203.223.135.107/p/notifyurl.php&tradeType=H5&appId=samo&version=1.0&nonceStr=20200918042355&sign=F3FD8F83B130AB0BF3E97AB4472AE554','20200918042355','202.184.73.208','transaction','2020-09-18 12:23:54',NULL),(246,NULL,NULL,'202.184.73.208','notifysms','2020-09-18 12:39:54',NULL),(247,'&payChannel=ALP&orderId=20200918044016&amount=10000&goodsName=cloth&goodsDesc=cloth&clientIp=127.0.0.1&asyncNotifyUrl=http://203.223.135.107/pialipay/notifyurltest.php&tradeType=H5&appId=samo&version=1.0&nonceStr=20200918044016&sign=9B5EBA6D36877D3FCD1430ACC9E78E1C','20200918044016','202.184.73.208','transaction','2020-09-18 12:40:14',NULL),(248,NULL,NULL,'202.184.73.208','notifysms','2020-09-18 12:41:06',NULL),(249,NULL,NULL,'202.184.73.208','notifysms','2020-09-18 12:41:26',NULL),(250,NULL,NULL,'202.184.73.208','notifysms','2020-09-18 12:42:52',NULL),(251,NULL,NULL,'202.184.73.208','notifysms','2020-09-18 12:44:22',NULL),(252,NULL,NULL,'202.184.73.208','notifysms','2020-09-18 12:46:36',NULL),(253,NULL,NULL,'202.184.73.208','notifysms','2020-09-18 12:47:34',NULL),(254,NULL,NULL,'202.184.73.208','notifysms','2020-09-18 12:48:31',NULL),(255,NULL,NULL,'202.184.73.208','notifysms','2020-09-18 12:49:19',NULL),(256,NULL,NULL,'202.184.73.208','notifysms','2020-09-18 12:57:58',NULL),(257,NULL,NULL,'202.184.73.208','notifysms','2020-09-18 12:58:09',NULL),(258,NULL,NULL,'202.184.73.208','notifysms','2020-09-18 12:58:09',NULL),(259,'&payChannel=ALP&orderId=20200918045823&amount=10000&goodsName=cloth&goodsDesc=cloth&clientIp=127.0.0.1&asyncNotifyUrl=http://203.223.135.107/pialipay/notifyurltest.php&tradeType=H5&appId=samo&version=1.0&nonceStr=20200918045823&sign=47A29CF800A6CC624E857932898A86C5','20200918045823','202.184.73.208','transaction','2020-09-18 12:58:22',NULL),(260,NULL,NULL,'202.184.73.208','notifysms','2020-09-18 12:58:53',NULL),(261,NULL,NULL,'202.184.73.208','notifysms','2020-09-18 13:06:46',NULL),(262,NULL,NULL,'202.184.73.208','notifysms','2020-09-18 13:07:07',NULL),(263,NULL,NULL,'202.184.73.208','notifysms','2020-09-18 13:07:52',NULL),(264,NULL,NULL,'202.184.73.208','notifysms','2020-09-18 13:07:58',NULL),(265,NULL,NULL,'202.184.73.208','notifysms','2020-09-18 13:08:17',NULL),(266,NULL,NULL,'202.184.73.208','notifysms','2020-09-18 13:08:32',NULL),(267,'&payChannel=ALP&orderId=20200918050843&amount=10000&goodsName=cloth&goodsDesc=cloth&clientIp=127.0.0.1&asyncNotifyUrl=http://203.223.135.107/pialipay/notifyurltest.php&tradeType=H5&appId=samo&version=1.0&nonceStr=20200918050843&sign=18CA2FB86015072C03B25B5E00B7CFA6','20200918050843','202.184.73.208','transaction','2020-09-18 13:08:41',NULL),(268,'&payChannel=ALP&orderId=20200918050906&amount=10000&goodsName=cloth&goodsDesc=cloth&clientIp=127.0.0.1&asyncNotifyUrl=http://203.223.135.107/pialipay/notifyurltest.php&tradeType=H5&appId=samo&version=1.0&nonceStr=20200918050906&sign=68A2ABA90F17C9D7DDED3BE90DEF71FA','20200918050906','202.184.73.208','transaction','2020-09-18 13:09:07',NULL),(269,'&payChannel=ALP&orderId=20200918051315&amount=10000&goodsName=cloth&goodsDesc=cloth&clientIp=127.0.0.1&asyncNotifyUrl=http://203.223.135.107/pialipay/notifyurltest.php&tradeType=H5&appId=samo&version=1.0&nonceStr=20200918051315&sign=C82AEAD73E319378D332A13D6422416E','20200918051315','202.184.73.208','transaction','2020-09-18 13:13:14',NULL),(270,NULL,NULL,'202.184.73.208','notifysms','2020-09-18 13:14:01',NULL),(271,NULL,NULL,'202.184.73.208','notifysms','2020-09-18 13:15:32',NULL),(272,NULL,NULL,'202.184.73.208','notifysms','2020-09-18 13:15:38',NULL),(273,NULL,NULL,'202.184.73.208','notifysms','2020-09-18 13:16:12',NULL),(274,NULL,NULL,'202.184.73.208','notifysms','2020-09-18 13:16:46',NULL),(275,'&payChannel=ALP&orderId=20200918060457&amount=10000&goodsName=cloth&goodsDesc=cloth&clientIp=127.0.0.1&asyncNotifyUrl=http://203.223.135.107/pialipay/notifyurltest.php&tradeType=H5&appId=samo&version=1.0&nonceStr=20200918060457&sign=FD13D385AEAFD301B540A1CC5F7085D3','20200918060457','202.184.73.208','transaction','2020-09-18 14:04:57',NULL),(276,'&payChannel=ALP&orderId=20200918062241&amount=10000&goodsName=cloth&goodsDesc=cloth&clientIp=127.0.0.1&asyncNotifyUrl=http://203.223.135.107/pialipay/notifyurltest.php&tradeType=H5&appId=samo&version=1.0&nonceStr=20200918062241&sign=8EB927D8B4B0E2EBA999E75435E8FB8B','20200918062241','202.184.73.208','transaction','2020-09-18 14:22:40',NULL),(277,NULL,NULL,'202.184.73.208','notifysms','2020-09-18 14:23:14',NULL),(278,NULL,NULL,'202.184.73.208','notifysms','2020-09-18 14:23:47',NULL),(279,NULL,NULL,'202.184.73.208','notifysms','2020-09-18 14:24:10',NULL),(280,NULL,NULL,'202.184.73.208','notifysms','2020-09-18 14:25:12',NULL),(281,NULL,NULL,'202.184.73.208','notifysms','2020-09-18 14:25:40',NULL),(282,NULL,NULL,'202.184.73.208','notifysms','2020-09-18 14:26:28',NULL),(283,NULL,NULL,'202.184.73.208','notifysms','2020-09-18 14:26:58',NULL),(284,NULL,NULL,'202.184.73.208','notifysms','2020-09-18 14:27:04',NULL),(285,NULL,NULL,'202.184.73.208','notifysms','2020-09-18 14:27:10',NULL),(286,NULL,NULL,'202.184.73.208','notifysms','2020-09-18 14:27:16',NULL),(287,NULL,NULL,'202.184.73.208','notifysms','2020-09-18 14:27:30',NULL),(288,NULL,NULL,'202.184.73.208','notifysms','2020-09-18 14:27:30',NULL),(289,NULL,NULL,'202.184.73.208','notifysms','2020-09-18 14:27:35',NULL),(290,NULL,NULL,'202.184.73.208','notifysms','2020-09-18 14:28:05',NULL),(291,NULL,NULL,'202.184.73.208','notifysms','2020-09-18 14:28:06',NULL),(292,NULL,NULL,'202.184.73.208','notifysms','2020-09-18 14:28:12',NULL),(293,NULL,NULL,'202.184.73.208','notifysms','2020-09-18 14:28:24',NULL),(294,NULL,NULL,'202.184.73.208','notifysms','2020-09-18 14:28:51',NULL),(295,NULL,NULL,'202.187.179.92','notifysms','2020-09-18 20:23:04',NULL),(296,NULL,NULL,'202.187.179.92','notifysms','2020-09-18 20:23:14',NULL),(297,NULL,NULL,'202.187.179.92','notifysms','2020-09-18 20:23:14',NULL),(298,NULL,NULL,'202.187.179.92','notifysms','2020-09-18 20:23:15',NULL),(299,NULL,NULL,'202.187.179.92','notifysms','2020-09-18 20:23:15',NULL),(300,NULL,NULL,'202.187.179.92','notifysms','2020-09-18 20:23:15',NULL),(301,NULL,NULL,'202.187.179.92','notifysms','2020-09-18 20:23:19',NULL),(302,NULL,NULL,'202.187.179.92','notifysms','2020-09-18 20:23:22',NULL),(303,NULL,NULL,'202.187.179.92','notifysms','2020-09-18 20:23:26',NULL),(304,'&payChannel=ALP&orderId=20200924231816&amount=10000&goodsName=cloth&goodsDesc=cloth&clientIp=127.0.0.1&asyncNotifyUrl=http://203.223.135.107/pialipay/notifyurltest.php&tradeType=H5&appId=samo&version=1.0&nonceStr=20200924231816&sign=3FC848AE4474E80824718FDBA47F7021','20200924231816','202.187.179.92','transaction','2020-09-25 07:18:15',NULL),(305,'&payChannel=ALP&orderId=20200929041437&amount=10000&goodsName=cloth&goodsDesc=cloth&clientIp=127.0.0.1&asyncNotifyUrl=http://203.223.135.107/pialipay/notifyurltest.php&tradeType=H5&appId=samo&version=1.0&nonceStr=20200929041437&sign=EACC5868993582E6834EA1C747487B8B','20200929041437','202.187.179.92','transaction','2020-09-29 12:14:37',NULL),(306,'&payChannel=ALP&orderId=20200929042119&amount=10000&goodsName=cloth&goodsDesc=cloth&clientIp=127.0.0.1&asyncNotifyUrl=http://203.223.135.107/pialipay/notifyurltest.php&tradeType=H5&appId=samo&version=1.0&nonceStr=20200929042119&sign=03C62FB5031B2048B3C6F9C2BAEC2855','20200929042119','202.187.179.92','transaction','2020-09-29 12:21:20',NULL),(307,'&payChannel=&orderId=20200929080941&amount=10000&goodsName=&goodsDesc=&clientIp=&asyncNotifyUrl=http://203.223.135.107/pialipay/notifyurltest.php&tradeType=&appId=samo&version=1.0&nonceStr=20200929080941&sign=E04B59E0F142C058E7FA132EB0FC32EE','20200929080941','115.164.207.48','transaction','2020-09-29 16:09:42',NULL),(308,'&payChannel=&orderId=20200929080956&amount=10000&goodsName=&goodsDesc=&clientIp=&asyncNotifyUrl=http://203.223.135.107/pialipay/notifyurltest.php&tradeType=&appId=samo&version=1.0&nonceStr=20200929080956&sign=6C563DEEE072E580F6D912A5E844AB04','20200929080956','115.164.207.48','transaction','2020-09-29 16:09:56',NULL),(309,'&payChannel=&orderId=20200929081108&amount=10000&goodsName=&goodsDesc=&clientIp=&asyncNotifyUrl=http://203.223.135.107/pialipay/notifyurltest.php&tradeType=&appId=samo&version=1.0&nonceStr=20200929081108&sign=B75B3286AAFE9C84656F782B972A8E55','20200929081108','115.164.207.48','transaction','2020-09-29 16:11:08',NULL),(310,'&payChannel=&orderId=20200929081701&amount=10000&goodsName=&goodsDesc=&clientIp=&asyncNotifyUrl=http://203.223.135.107/pialipay/notifyurltest.php&tradeType=&appId=samo&version=1.0&nonceStr=20200929081701&sign=B04F9A6336E132B1A64D5C6C7B03DEB8','20200929081701','202.187.179.92','transaction','2020-09-29 16:17:02',NULL),(311,'&payChannel=ALP&orderId=20201002024131&amount=10000&goodsName=cloth&goodsDesc=cloth&clientIp=127.0.0.1&asyncNotifyUrl=http://203.223.135.107/pialipay/notifyurltest.php&tradeType=H5&appId=samo&version=1.0&nonceStr=20201002024131&sign=E9D0B3CBE9ADFFD0ABDD7E36D07BA62E','20201002024131','202.187.179.92','transaction','2020-10-02 10:41:31',NULL),(312,'&payChannel=ALP&orderId=20201002024214&amount=10000&goodsName=cloth&goodsDesc=cloth&clientIp=127.0.0.1&asyncNotifyUrl=http://203.223.135.107/pialipay/notifyurltest.php&tradeType=H5&appId=samo&version=1.0&nonceStr=20201002024214&sign=657C8BB503729F34A750767A6EC0584D','20201002024214','202.187.179.92','transaction','2020-10-02 10:42:12',NULL),(313,'&payChannel=ALP&orderId=20201002024217&amount=10000&goodsName=cloth&goodsDesc=cloth&clientIp=127.0.0.1&asyncNotifyUrl=http://203.223.135.107/pialipay/notifyurltest.php&tradeType=H5&appId=samo&version=1.0&nonceStr=20201002024217&sign=B743BAFE937E05B1BCF35C71FB84B410','20201002024217','202.187.179.92','transaction','2020-10-02 10:42:15',NULL);
/*!40000 ALTER TABLE `ttransactionauditlog` ENABLE KEYS */;
UNLOCK TABLES;

--
-- Table structure for table `updatepaymentstatuslogs`
--

DROP TABLE IF EXISTS `updatepaymentstatuslogs`;
/*!40101 SET @saved_cs_client     = @@character_set_client */;
/*!50503 SET character_set_client = utf8mb4 */;
CREATE TABLE `updatepaymentstatuslogs` (
  `paymentslogsid` int NOT NULL AUTO_INCREMENT,
  `orderid` varchar(150) DEFAULT NULL,
  `updateby` varchar(150) DEFAULT NULL,
  `updateddatetime` varchar(150) DEFAULT NULL,
  `status` varchar(150) DEFAULT NULL,
  PRIMARY KEY (`paymentslogsid`)
) ENGINE=InnoDB AUTO_INCREMENT=2 DEFAULT CHARSET=utf8mb4 COLLATE=utf8mb4_0900_ai_ci;
/*!40101 SET character_set_client = @saved_cs_client */;

--
-- Dumping data for table `updatepaymentstatuslogs`
--

LOCK TABLES `updatepaymentstatuslogs` WRITE;
/*!40000 ALTER TABLE `updatepaymentstatuslogs` DISABLE KEYS */;
INSERT INTO `updatepaymentstatuslogs` VALUES (1,'1000001','1000002','2020-05-29 00:10','Success');
/*!40000 ALTER TABLE `updatepaymentstatuslogs` ENABLE KEYS */;
UNLOCK TABLES;

--
-- Table structure for table `users`
--

DROP TABLE IF EXISTS `users`;
/*!40101 SET @saved_cs_client     = @@character_set_client */;
/*!50503 SET character_set_client = utf8mb4 */;
CREATE TABLE `users` (
  `id` int NOT NULL AUTO_INCREMENT,
  `username` varchar(50) DEFAULT NULL,
  `userpassword` varchar(50) DEFAULT NULL,
  `usertype` enum('admin','user','superadmin') DEFAULT NULL,
  `created_date` datetime DEFAULT NULL,
  `last_login_time` datetime DEFAULT NULL,
  `change_password_time` datetime DEFAULT NULL,
  `merchantid` varchar(300) DEFAULT NULL,
  PRIMARY KEY (`id`)
) ENGINE=InnoDB AUTO_INCREMENT=1000004 DEFAULT CHARSET=utf8mb4 COLLATE=utf8mb4_0900_ai_ci;
/*!40101 SET character_set_client = @saved_cs_client */;

--
-- Dumping data for table `users`
--

LOCK TABLES `users` WRITE;
/*!40000 ALTER TABLE `users` DISABLE KEYS */;
INSERT INTO `users` VALUES (1000000,'superadmin99000','827ccb0eea8a706c4c34a16891f84e7b','superadmin','2020-05-29 07:42:54','2020-05-29 07:42:57','2020-05-29 07:43:00','samo'),(1000001,'admin99000','827ccb0eea8a706c4c34a16891f84e7b','admin',NULL,NULL,NULL,'samo'),(1000003,'user99000','827ccb0eea8a706c4c34a16891f84e7b','user','2020-06-01 12:07:00',NULL,NULL,'samo');
/*!40000 ALTER TABLE `users` ENABLE KEYS */;
UNLOCK TABLES;
/*!40103 SET TIME_ZONE=@OLD_TIME_ZONE */;

/*!40101 SET SQL_MODE=@OLD_SQL_MODE */;
/*!40014 SET FOREIGN_KEY_CHECKS=@OLD_FOREIGN_KEY_CHECKS */;
/*!40014 SET UNIQUE_CHECKS=@OLD_UNIQUE_CHECKS */;
/*!40101 SET CHARACTER_SET_CLIENT=@OLD_CHARACTER_SET_CLIENT */;
/*!40101 SET CHARACTER_SET_RESULTS=@OLD_CHARACTER_SET_RESULTS */;
/*!40101 SET COLLATION_CONNECTION=@OLD_COLLATION_CONNECTION */;
/*!40111 SET SQL_NOTES=@OLD_SQL_NOTES */;

-- Dump completed on 2020-12-15 16:59:55
